Filename,Class
75.jpg,kayak
72.jpg,kayak
145.jpg,cruise_ship
194.jpg,kayak
5.jpg,gondola
250.jpg,sailboat
162.jpg,ferry_boat
260.jpg,kayak
84.jpg,sailboat
111.jpg,cruise_ship
232.jpg,sailboat
254.jpg,buoy
108.jpg,buoy
226.jpg,sailboat
39.jpg,gondola
224.jpg,sailboat
28.jpg,sailboat
237.jpg,sailboat
225.jpg,sailboat
136.jpg,cruise_ship
278.jpg,sailboat
284.jpg,gondola
46.jpg,kayak
204.jpg,sailboat
297.jpg,cruise_ship
137.jpg,buoy
218.jpg,sailboat
193.jpg,gondola
227.jpg,gondola
231.jpg,gondola
118.jpg,sailboat
197.jpg,ferry_boat
32.jpg,gondola
282.jpg,ferry_boat
1.jpg,ferry_boat
22.jpg,sailboat
143.jpg,kayak
285.jpg,sailboat
261.jpg,gondola
210.jpg,ferry_boat
80.jpg,kayak
235.jpg,cruise_ship
190.jpg,buoy
201.jpg,kayak
264.jpg,sailboat
158.jpg,sailboat
163.jpg,kayak
112.jpg,gondola
275.jpg,paper_boat
74.jpg,sailboat
273.jpg,ferry_boat
69.jpg,ferry_boat
105.jpg,kayak
54.jpg,gondola
106.jpg,gondola
11.jpg,inflatable_boat
90.jpg,sailboat
147.jpg,sailboat
82.jpg,cruise_ship
272.jpg,ferry_boat
267.jpg,ferry_boat
41.jpg,gondola
215.jpg,paper_boat
177.jpg,ferry_boat
47.jpg,cruise_ship
37.jpg,sailboat
295.jpg,kayak
244.jpg,sailboat
230.jpg,ferry_boat
48.jpg,sailboat
77.jpg,sailboat
180.jpg,cruise_ship
292.jpg,buoy
268.jpg,sailboat
202.jpg,gondola
146.jpg,sailboat
151.jpg,gondola
14.jpg,sailboat
58.jpg,cruise_ship
270.jpg,cruise_ship
296.jpg,buoy
144.jpg,gondola
107.jpg,cruise_ship
175.jpg,sailboat
283.jpg,sailboat
170.jpg,sailboat
115.jpg,sailboat
34.jpg,paper_boat
239.jpg,gondola
289.jpg,kayak
15.jpg,gondola
176.jpg,gondola
49.jpg,sailboat
195.jpg,sailboat
249.jpg,sailboat
233.jpg,gondola
182.jpg,sailboat
199.jpg,cruise_ship
43.jpg,cruise_ship
25.jpg,gondola
238.jpg,kayak
209.jpg,kayak
165.jpg,kayak
299.jpg,kayak
161.jpg,cruise_ship
73.jpg,gondola
234.jpg,cruise_ship
214.jpg,cruise_ship
248.jpg,sailboat
198.jpg,buoy
169.jpg,gondola
35.jpg,sailboat
23.jpg,gondola
265.jpg,freight_boat
181.jpg,kayak
26.jpg,kayak
187.jpg,kayak
142.jpg,kayak
191.jpg,ferry_boat
99.jpg,cruise_ship
42.jpg,cruise_ship
94.jpg,kayak
120.jpg,ferry_boat
196.jpg,sailboat
59.jpg,ferry_boat
140.jpg,gondola
154.jpg,sailboat
241.jpg,sailboat
252.jpg,sailboat
277.jpg,kayak
65.jpg,sailboat
125.jpg,kayak
173.jpg,gondola
138.jpg,sailboat
64.jpg,cruise_ship
274.jpg,cruise_ship
207.jpg,sailboat
51.jpg,cruise_ship
156.jpg,gondola
212.jpg,cruise_ship
222.jpg,cruise_ship
85.jpg,buoy
287.jpg,cruise_ship
55.jpg,cruise_ship
18.jpg,gondola
139.jpg,paper_boat
92.jpg,gondola
113.jpg,sailboat
183.jpg,kayak
3.jpg,sailboat
123.jpg,gondola
184.jpg,cruise_ship
101.jpg,cruise_ship
122.jpg,sailboat
97.jpg,cruise_ship
205.jpg,kayak
251.jpg,kayak
81.jpg,gondola
110.jpg,buoy
247.jpg,sailboat
276.jpg,freight_boat
27.jpg,sailboat
192.jpg,cruise_ship
8.jpg,cruise_ship
7.jpg,gondola
13.jpg,sailboat
159.jpg,kayak
57.jpg,paper_boat
266.jpg,cruise_ship
45.jpg,sailboat
150.jpg,kayak
167.jpg,sailboat
242.jpg,sailboat
103.jpg,kayak
68.jpg,kayak
290.jpg,cruise_ship
155.jpg,gondola
294.jpg,ferry_boat
262.jpg,kayak
44.jpg,sailboat
56.jpg,cruise_ship
114.jpg,cruise_ship
40.jpg,gondola
102.jpg,kayak
164.jpg,sailboat
269.jpg,sailboat
257.jpg,kayak
135.jpg,cruise_ship
52.jpg,paper_boat
243.jpg,sailboat
280.jpg,sailboat
258.jpg,sailboat
9.jpg,buoy
168.jpg,gondola
96.jpg,kayak
61.jpg,kayak
100.jpg,sailboat
2.jpg,gondola
208.jpg,gondola
20.jpg,gondola
263.jpg,kayak
33.jpg,sailboat
217.jpg,sailboat
293.jpg,sailboat
236.jpg,sailboat
157.jpg,kayak
291.jpg,sailboat
70.jpg,kayak
19.jpg,gondola
216.jpg,sailboat
186.jpg,kayak
221.jpg,kayak
50.jpg,cruise_ship
206.jpg,cruise_ship
171.jpg,gondola
178.jpg,cruise_ship
189.jpg,sailboat
213.jpg,sailboat
279.jpg,buoy
179.jpg,kayak
60.jpg,gondola
62.jpg,gondola
91.jpg,cruise_ship
172.jpg,gondola
286.jpg,gondola
259.jpg,kayak
117.jpg,sailboat
134.jpg,sailboat
256.jpg,cruise_ship
98.jpg,sailboat
228.jpg,cruise_ship
93.jpg,cruise_ship
119.jpg,sailboat
12.jpg,sailboat
174.jpg,ferry_boat
124.jpg,cruise_ship
116.jpg,sailboat
10.jpg,sailboat
86.jpg,sailboat
89.jpg,kayak
298.jpg,sailboat
67.jpg,sailboat
6.jpg,sailboat
95.jpg,gondola
31.jpg,paper_boat
17.jpg,buoy
78.jpg,sailboat
38.jpg,sailboat
240.jpg,gondola
133.jpg,kayak
188.jpg,kayak
29.jpg,buoy
109.jpg,cruise_ship
79.jpg,ferry_boat
132.jpg,cruise_ship
130.jpg,gondola
83.jpg,buoy
223.jpg,sailboat
126.jpg,sailboat
253.jpg,sailboat
211.jpg,sailboat
104.jpg,sailboat
255.jpg,cruise_ship
127.jpg,sailboat
185.jpg,ferry_boat
87.jpg,sailboat
246.jpg,kayak
200.jpg,gondola
36.jpg,paper_boat
129.jpg,buoy
229.jpg,ferry_boat
141.jpg,buoy
88.jpg,ferry_boat
66.jpg,cruise_ship
281.jpg,sailboat
76.jpg,gondola
71.jpg,sailboat
53.jpg,buoy
128.jpg,buoy
4.jpg,sailboat
166.jpg,sailboat
131.jpg,kayak
16.jpg,inflatable_boat
21.jpg,ferry_boat
288.jpg,gondola
24.jpg,gondola
271.jpg,cruise_ship
121.jpg,sailboat
148.jpg,kayak
63.jpg,inflatable_boat
220.jpg,cruise_ship
203.jpg,cruise_ship
300.jpg,sailboat
160.jpg,sailboat
153.jpg,gondola
152.jpg,sailboat
245.jpg,kayak
30.jpg,ferry_boat
149.jpg,sailboat
219.jpg,gondola
