Image,Class
image7851.jpg,Miscellaneous
image2616.jpg,Christmas_Tree
image9846.jpg,Candle
image2931.jpg,Miscellaneous
image5247.jpg,Christmas_Tree
image4092.jpg,Miscellaneous
image2819.jpg,Miscellaneous
image5583.jpg,Christmas_Tree
image5472.jpg,Miscellaneous
image4776.jpg,Jacket
image281.jpg,Candle
image8633.jpg,Snowman
image1772.jpg,Miscellaneous
image2399.jpg,Jacket
image8645.jpg,Miscellaneous
image9308.jpg,Miscellaneous
image7258.jpg,Miscellaneous
image6072.jpg,Christmas_Tree
image9876.jpg,Miscellaneous
image9183.jpg,Miscellaneous
image1138.jpg,Miscellaneous
image3707.jpg,Miscellaneous
image3983.jpg,Christmas_Tree
image2750.jpg,Miscellaneous
image7075.jpg,Christmas_Tree
image5036.jpg,Christmas_Tree
image9000.jpg,Christmas_Tree
image9314.jpg,Miscellaneous
image4542.jpg,Christmas_Tree
image713.jpg,Christmas_Tree
image1480.jpg,Jacket
image3975.jpg,Miscellaneous
image9719.jpg,Miscellaneous
image3120.jpg,Miscellaneous
image8687.jpg,Jacket
image8863.jpg,Snowman
image7215.jpg,Candle
image9232.jpg,Miscellaneous
image4639.jpg,Miscellaneous
image7044.jpg,Miscellaneous
image5012.jpg,Miscellaneous
image2019.jpg,Candle
image7198.jpg,Miscellaneous
image4869.jpg,Christmas_Tree
image8351.jpg,Airplane
image2153.jpg,Miscellaneous
image5303.jpg,Christmas_Tree
image7759.jpg,Miscellaneous
image3420.jpg,Jacket
image253.jpg,Miscellaneous
image5117.jpg,Miscellaneous
image6352.jpg,Miscellaneous
image1930.jpg,Miscellaneous
image9839.jpg,Miscellaneous
image8263.jpg,Miscellaneous
image2935.jpg,Miscellaneous
image5135.jpg,Christmas_Tree
image2349.jpg,Miscellaneous
image5580.jpg,Miscellaneous
image3076.jpg,Miscellaneous
image2561.jpg,Christmas_Tree
image203.jpg,Candle
image5879.jpg,Christmas_Tree
image7772.jpg,Christmas_Tree
image6337.jpg,Candle
image1584.jpg,Airplane
image2911.jpg,Airplane
image8176.jpg,Miscellaneous
image4857.jpg,Miscellaneous
image245.jpg,Miscellaneous
image9529.jpg,Jacket
image4453.jpg,Miscellaneous
image8799.jpg,Jacket
image5674.jpg,Miscellaneous
image6504.jpg,Miscellaneous
image6760.jpg,Miscellaneous
image3677.jpg,Christmas_Tree
image1948.jpg,Miscellaneous
image1080.jpg,Miscellaneous
image273.jpg,Christmas_Tree
image6862.jpg,Candle
image2364.jpg,Miscellaneous
image4004.jpg,Miscellaneous
image5272.jpg,Miscellaneous
image7235.jpg,Miscellaneous
image6065.jpg,Christmas_Tree
image8168.jpg,Christmas_Tree
image9915.jpg,Candle
image3245.jpg,Miscellaneous
image8858.jpg,Christmas_Tree
image8962.jpg,Airplane
image7788.jpg,Jacket
image5582.jpg,Christmas_Tree
image2783.jpg,Christmas_Tree
image5235.jpg,Candle
image8447.jpg,Miscellaneous
image8833.jpg,Miscellaneous
image3170.jpg,Christmas_Tree
image5401.jpg,Christmas_Tree
image5418.jpg,Miscellaneous
image5379.jpg,Christmas_Tree
image1419.jpg,Airplane
image3768.jpg,Miscellaneous
image1029.jpg,Christmas_Tree
image9309.jpg,Christmas_Tree
image4451.jpg,Miscellaneous
image1435.jpg,Snowman
image3308.jpg,Christmas_Tree
image5362.jpg,Miscellaneous
image6527.jpg,Christmas_Tree
image8118.jpg,Jacket
image5503.jpg,Christmas_Tree
image6801.jpg,Miscellaneous
image9579.jpg,Airplane
image8963.jpg,Candle
image7279.jpg,Candle
image1439.jpg,Miscellaneous
image6214.jpg,Christmas_Tree
image3519.jpg,Miscellaneous
image6131.jpg,Miscellaneous
image7569.jpg,Christmas_Tree
image2247.jpg,Christmas_Tree
image2666.jpg,Miscellaneous
image4897.jpg,Miscellaneous
image6279.jpg,Jacket
image2481.jpg,Candle
image6121.jpg,Miscellaneous
image4261.jpg,Airplane
image5885.jpg,Miscellaneous
image1625.jpg,Miscellaneous
image8574.jpg,Christmas_Tree
image1683.jpg,Miscellaneous
image723.jpg,Miscellaneous
image6559.jpg,Christmas_Tree
image1773.jpg,Christmas_Tree
image107.jpg,Miscellaneous
image7918.jpg,Jacket
image2270.jpg,Christmas_Tree
image4145.jpg,Miscellaneous
image2844.jpg,Christmas_Tree
image4625.jpg,Miscellaneous
image9717.jpg,Miscellaneous
image5075.jpg,Miscellaneous
image322.jpg,Miscellaneous
image7940.jpg,Christmas_Tree
image5767.jpg,Christmas_Tree
image8382.jpg,Christmas_Tree
image6529.jpg,Miscellaneous
image1614.jpg,Snowman
image6772.jpg,Miscellaneous
image8647.jpg,Miscellaneous
image1523.jpg,Christmas_Tree
image6051.jpg,Miscellaneous
image9844.jpg,Christmas_Tree
image3569.jpg,Candle
image3761.jpg,Miscellaneous
image8364.jpg,Christmas_Tree
image9898.jpg,Jacket
image755.jpg,Miscellaneous
image9141.jpg,Christmas_Tree
image4201.jpg,Airplane
image1829.jpg,Miscellaneous
image2183.jpg,Miscellaneous
image9870.jpg,Candle
image1382.jpg,Christmas_Tree
image2488.jpg,Miscellaneous
image2140.jpg,Christmas_Tree
image9167.jpg,Miscellaneous
image2024.jpg,Miscellaneous
image6471.jpg,Miscellaneous
image4670.jpg,Miscellaneous
image4306.jpg,Miscellaneous
image9707.jpg,Miscellaneous
image2039.jpg,Christmas_Tree
image4532.jpg,Miscellaneous
image308.jpg,Miscellaneous
image786.jpg,Miscellaneous
image7674.jpg,Miscellaneous
image4198.jpg,Miscellaneous
image7059.jpg,Jacket
image9751.jpg,Miscellaneous
image2889.jpg,Candle
image7283.jpg,Miscellaneous
image9107.jpg,Miscellaneous
image1150.jpg,Jacket
image9599.jpg,Jacket
image8463.jpg,Miscellaneous
image4316.jpg,Miscellaneous
image2045.jpg,Jacket
image3588.jpg,Christmas_Tree
image6665.jpg,Christmas_Tree
image1180.jpg,Christmas_Tree
image9063.jpg,Christmas_Tree
image2850.jpg,Miscellaneous
image3295.jpg,Miscellaneous
image4397.jpg,Candle
image6689.jpg,Snowman
image7437.jpg,Miscellaneous
image9595.jpg,Miscellaneous
image4347.jpg,Jacket
image5222.jpg,Christmas_Tree
image4821.jpg,Airplane
image6393.jpg,Airplane
image6531.jpg,Airplane
image4060.jpg,Miscellaneous
image8874.jpg,Airplane
image6446.jpg,Miscellaneous
image8182.jpg,Christmas_Tree
image9131.jpg,Miscellaneous
image5123.jpg,Miscellaneous
image1835.jpg,Christmas_Tree
image7610.jpg,Miscellaneous
image4704.jpg,Airplane
image8492.jpg,Christmas_Tree
image5839.jpg,Miscellaneous
image6153.jpg,Miscellaneous
image5070.jpg,Miscellaneous
image2915.jpg,Jacket
image192.jpg,Miscellaneous
image146.jpg,Miscellaneous
image5031.jpg,Christmas_Tree
image8470.jpg,Christmas_Tree
image734.jpg,Miscellaneous
image6290.jpg,Miscellaneous
image8147.jpg,Snowman
image3250.jpg,Miscellaneous
image8559.jpg,Miscellaneous
image9298.jpg,Christmas_Tree
image8523.jpg,Christmas_Tree
image6090.jpg,Miscellaneous
image3235.jpg,Miscellaneous
image7226.jpg,Christmas_Tree
image1040.jpg,Jacket
image497.jpg,Miscellaneous
image4300.jpg,Candle
image4311.jpg,Miscellaneous
image646.jpg,Christmas_Tree
image3537.jpg,Miscellaneous
image1738.jpg,Christmas_Tree
image987.jpg,Miscellaneous
image2374.jpg,Christmas_Tree
image8648.jpg,Christmas_Tree
image3084.jpg,Miscellaneous
image5684.jpg,Christmas_Tree
image3789.jpg,Airplane
image9532.jpg,Miscellaneous
image8554.jpg,Airplane
image3738.jpg,Miscellaneous
image1817.jpg,Christmas_Tree
image9750.jpg,Christmas_Tree
image2833.jpg,Candle
image2827.jpg,Miscellaneous
image2256.jpg,Miscellaneous
image9116.jpg,Miscellaneous
image7716.jpg,Candle
image8407.jpg,Miscellaneous
image6163.jpg,Jacket
image2022.jpg,Miscellaneous
image1447.jpg,Miscellaneous
image615.jpg,Christmas_Tree
image2304.jpg,Candle
image2006.jpg,Christmas_Tree
image7720.jpg,Christmas_Tree
image5812.jpg,Christmas_Tree
image5529.jpg,Miscellaneous
image517.jpg,Miscellaneous
image5355.jpg,Christmas_Tree
image9656.jpg,Miscellaneous
image912.jpg,Jacket
image3485.jpg,Miscellaneous
image35.jpg,Jacket
image6565.jpg,Christmas_Tree
image3728.jpg,Miscellaneous
image1932.jpg,Miscellaneous
image6185.jpg,Christmas_Tree
image8779.jpg,Jacket
image2594.jpg,Miscellaneous
image5504.jpg,Candle
image8986.jpg,Miscellaneous
image5147.jpg,Miscellaneous
image2588.jpg,Miscellaneous
image1747.jpg,Christmas_Tree
image2138.jpg,Miscellaneous
image1095.jpg,Miscellaneous
image829.jpg,Christmas_Tree
image778.jpg,Miscellaneous
image9266.jpg,Miscellaneous
image2562.jpg,Miscellaneous
image8668.jpg,Miscellaneous
image6500.jpg,Jacket
image5608.jpg,Miscellaneous
image6847.jpg,Miscellaneous
image5179.jpg,Miscellaneous
image7661.jpg,Jacket
image6986.jpg,Miscellaneous
image781.jpg,Jacket
image6997.jpg,Miscellaneous
image6030.jpg,Christmas_Tree
image8456.jpg,Miscellaneous
image6209.jpg,Miscellaneous
image9305.jpg,Jacket
image7472.jpg,Miscellaneous
image9560.jpg,Jacket
image136.jpg,Miscellaneous
image3601.jpg,Miscellaneous
image5770.jpg,Candle
image5189.jpg,Miscellaneous
image6932.jpg,Miscellaneous
image4324.jpg,Miscellaneous
image4378.jpg,Jacket
image6520.jpg,Jacket
image5053.jpg,Christmas_Tree
image7983.jpg,Miscellaneous
image9472.jpg,Miscellaneous
image8224.jpg,Jacket
image5382.jpg,Christmas_Tree
image6714.jpg,Christmas_Tree
image2530.jpg,Jacket
image7981.jpg,Miscellaneous
image2542.jpg,Miscellaneous
image3556.jpg,Jacket
image6064.jpg,Christmas_Tree
image2123.jpg,Jacket
image4849.jpg,Miscellaneous
image3648.jpg,Christmas_Tree
image1024.jpg,Miscellaneous
image3205.jpg,Jacket
image6754.jpg,Miscellaneous
image5884.jpg,Miscellaneous
image7975.jpg,Miscellaneous
image9162.jpg,Christmas_Tree
image5433.jpg,Miscellaneous
image5864.jpg,Miscellaneous
image2464.jpg,Candle
image9771.jpg,Miscellaneous
image3396.jpg,Christmas_Tree
image1404.jpg,Airplane
image8002.jpg,Miscellaneous
image3377.jpg,Candle
image9332.jpg,Miscellaneous
image6666.jpg,Miscellaneous
image1490.jpg,Miscellaneous
image4209.jpg,Jacket
image1173.jpg,Candle
image3349.jpg,Miscellaneous
image6152.jpg,Jacket
image3854.jpg,Miscellaneous
image7348.jpg,Miscellaneous
image4388.jpg,Miscellaneous
image2890.jpg,Miscellaneous
image5420.jpg,Candle
image5269.jpg,Christmas_Tree
image5850.jpg,Miscellaneous
image792.jpg,Miscellaneous
image9616.jpg,Miscellaneous
image1679.jpg,Miscellaneous
image1013.jpg,Jacket
image8726.jpg,Christmas_Tree
image27.jpg,Candle
image3720.jpg,Miscellaneous
image4784.jpg,Miscellaneous
image5310.jpg,Christmas_Tree
image6970.jpg,Christmas_Tree
image3395.jpg,Miscellaneous
image5889.jpg,Miscellaneous
image4760.jpg,Miscellaneous
image6210.jpg,Snowman
image6321.jpg,Airplane
image5394.jpg,Miscellaneous
image7176.jpg,Christmas_Tree
image5194.jpg,Miscellaneous
image6782.jpg,Airplane
image2360.jpg,Miscellaneous
image440.jpg,Jacket
image7239.jpg,Miscellaneous
image5734.jpg,Candle
image8253.jpg,Airplane
image2900.jpg,Miscellaneous
image4497.jpg,Christmas_Tree
image5719.jpg,Christmas_Tree
image229.jpg,Miscellaneous
image1787.jpg,Miscellaneous
image2566.jpg,Christmas_Tree
image4598.jpg,Miscellaneous
image1262.jpg,Miscellaneous
image828.jpg,Miscellaneous
image739.jpg,Miscellaneous
image8267.jpg,Airplane
image2968.jpg,Miscellaneous
image3440.jpg,Miscellaneous
image4712.jpg,Miscellaneous
image1534.jpg,Candle
image5000.jpg,Miscellaneous
image2868.jpg,Christmas_Tree
image7477.jpg,Miscellaneous
image3736.jpg,Jacket
image5846.jpg,Miscellaneous
image9608.jpg,Miscellaneous
image6469.jpg,Christmas_Tree
image1527.jpg,Miscellaneous
image6053.jpg,Christmas_Tree
image4977.jpg,Miscellaneous
image456.jpg,Miscellaneous
image2232.jpg,Candle
image4885.jpg,Miscellaneous
image9223.jpg,Christmas_Tree
image3143.jpg,Christmas_Tree
image6896.jpg,Jacket
image9880.jpg,Candle
image6222.jpg,Miscellaneous
image7655.jpg,Miscellaneous
image875.jpg,Miscellaneous
image2103.jpg,Christmas_Tree
image7777.jpg,Miscellaneous
image3421.jpg,Christmas_Tree
image4946.jpg,Jacket
image7650.jpg,Airplane
image2337.jpg,Miscellaneous
image8052.jpg,Christmas_Tree
image1259.jpg,Miscellaneous
image2438.jpg,Candle
image7892.jpg,Miscellaneous
image1807.jpg,Miscellaneous
image9097.jpg,Miscellaneous
image7077.jpg,Christmas_Tree
image1842.jpg,Miscellaneous
image5533.jpg,Miscellaneous
image4454.jpg,Miscellaneous
image4659.jpg,Jacket
image6815.jpg,Miscellaneous
image1663.jpg,Snowman
image8072.jpg,Christmas_Tree
image4285.jpg,Miscellaneous
image1263.jpg,Christmas_Tree
image2052.jpg,Miscellaneous
image8545.jpg,Miscellaneous
image7900.jpg,Miscellaneous
image3032.jpg,Miscellaneous
image3323.jpg,Miscellaneous
image2840.jpg,Miscellaneous
image7660.jpg,Miscellaneous
image8979.jpg,Christmas_Tree
image2635.jpg,Christmas_Tree
image1032.jpg,Miscellaneous
image5293.jpg,Miscellaneous
image9150.jpg,Jacket
image9337.jpg,Christmas_Tree
image5107.jpg,Miscellaneous
image1440.jpg,Candle
image4205.jpg,Miscellaneous
image9507.jpg,Christmas_Tree
image4505.jpg,Miscellaneous
image2012.jpg,Christmas_Tree
image6675.jpg,Candle
image7787.jpg,Miscellaneous
image4824.jpg,Airplane
image769.jpg,Miscellaneous
image8465.jpg,Christmas_Tree
image9544.jpg,Miscellaneous
image9351.jpg,Airplane
image7879.jpg,Miscellaneous
image1996.jpg,Christmas_Tree
image6067.jpg,Miscellaneous
image7679.jpg,Miscellaneous
image2351.jpg,Snowman
image3793.jpg,Jacket
image6212.jpg,Miscellaneous
image9368.jpg,Miscellaneous
image6068.jpg,Miscellaneous
image6731.jpg,Miscellaneous
image9474.jpg,Miscellaneous
image9231.jpg,Miscellaneous
image8612.jpg,Christmas_Tree
image8090.jpg,Miscellaneous
image6526.jpg,Miscellaneous
image5366.jpg,Miscellaneous
image3018.jpg,Miscellaneous
image4034.jpg,Christmas_Tree
image7488.jpg,Miscellaneous
image2120.jpg,Christmas_Tree
image1051.jpg,Miscellaneous
image8966.jpg,Miscellaneous
image8811.jpg,Snowman
image2903.jpg,Christmas_Tree
image4798.jpg,Christmas_Tree
image461.jpg,Christmas_Tree
image5373.jpg,Candle
image4761.jpg,Miscellaneous
image2293.jpg,Miscellaneous
image4631.jpg,Miscellaneous
image4990.jpg,Miscellaneous
image7686.jpg,Candle
image1110.jpg,Snowman
image7574.jpg,Candle
image5858.jpg,Christmas_Tree
image7390.jpg,Christmas_Tree
image8502.jpg,Christmas_Tree
image74.jpg,Miscellaneous
image3946.jpg,Miscellaneous
image3340.jpg,Miscellaneous
image4593.jpg,Christmas_Tree
image683.jpg,Miscellaneous
image5326.jpg,Christmas_Tree
image4730.jpg,Christmas_Tree
image8580.jpg,Candle
image5101.jpg,Miscellaneous
image2913.jpg,Christmas_Tree
image1562.jpg,Snowman
image6119.jpg,Miscellaneous
image5561.jpg,Miscellaneous
image6016.jpg,Christmas_Tree
image1298.jpg,Miscellaneous
image8426.jpg,Miscellaneous
image4642.jpg,Christmas_Tree
image8043.jpg,Jacket
image394.jpg,Miscellaneous
image7947.jpg,Candle
image5258.jpg,Jacket
image8756.jpg,Miscellaneous
image4611.jpg,Miscellaneous
image2473.jpg,Candle
image8542.jpg,Snowman
image9372.jpg,Miscellaneous
image9429.jpg,Miscellaneous
image6709.jpg,Miscellaneous
image3225.jpg,Christmas_Tree
image5051.jpg,Jacket
image8491.jpg,Jacket
image2992.jpg,Miscellaneous
image971.jpg,Miscellaneous
image1228.jpg,Miscellaneous
image4753.jpg,Airplane
image6314.jpg,Candle
image1491.jpg,Jacket
image1023.jpg,Airplane
image5610.jpg,Christmas_Tree
image3950.jpg,Candle
image7492.jpg,Christmas_Tree
image4292.jpg,Miscellaneous
image5240.jpg,Christmas_Tree
image26.jpg,Miscellaneous
image263.jpg,Candle
image5522.jpg,Christmas_Tree
image1479.jpg,Christmas_Tree
image3305.jpg,Miscellaneous
image9340.jpg,Christmas_Tree
image6502.jpg,Miscellaneous
image5699.jpg,Christmas_Tree
image9919.jpg,Miscellaneous
image5125.jpg,Miscellaneous
image1307.jpg,Miscellaneous
image7718.jpg,Miscellaneous
image7774.jpg,Jacket
image4452.jpg,Miscellaneous
image3557.jpg,Christmas_Tree
image2659.jpg,Christmas_Tree
image7045.jpg,Miscellaneous
image7102.jpg,Airplane
image7268.jpg,Christmas_Tree
image6929.jpg,Jacket
image6819.jpg,Miscellaneous
image4431.jpg,Christmas_Tree
image4016.jpg,Miscellaneous
image2747.jpg,Miscellaneous
image3928.jpg,Miscellaneous
image6332.jpg,Miscellaneous
image966.jpg,Airplane
image8571.jpg,Jacket
image8328.jpg,Jacket
image5549.jpg,Miscellaneous
image1305.jpg,Airplane
image7709.jpg,Christmas_Tree
image5342.jpg,Candle
image756.jpg,Miscellaneous
image8917.jpg,Jacket
image2891.jpg,Miscellaneous
image6568.jpg,Christmas_Tree
image9721.jpg,Jacket
image2193.jpg,Miscellaneous
image1898.jpg,Miscellaneous
image7640.jpg,Airplane
image8116.jpg,Christmas_Tree
image9144.jpg,Miscellaneous
image9530.jpg,Miscellaneous
image4726.jpg,Miscellaneous
image6171.jpg,Miscellaneous
image5430.jpg,Airplane
image4255.jpg,Airplane
image3124.jpg,Miscellaneous
image669.jpg,Christmas_Tree
image1478.jpg,Jacket
image7196.jpg,Candle
image7901.jpg,Miscellaneous
image4192.jpg,Christmas_Tree
image6404.jpg,Candle
image5764.jpg,Christmas_Tree
image5356.jpg,Candle
image4190.jpg,Miscellaneous
image7116.jpg,Christmas_Tree
image8051.jpg,Airplane
image6667.jpg,Airplane
image4212.jpg,Miscellaneous
image8594.jpg,Miscellaneous
image9229.jpg,Candle
image10.jpg,Miscellaneous
image6683.jpg,Miscellaneous
image5160.jpg,Miscellaneous
image5170.jpg,Miscellaneous
image4039.jpg,Miscellaneous
image5743.jpg,Miscellaneous
image6852.jpg,Airplane
image2218.jpg,Miscellaneous
image7024.jpg,Miscellaneous
image3424.jpg,Candle
image3222.jpg,Christmas_Tree
image7484.jpg,Candle
image1792.jpg,Christmas_Tree
image4690.jpg,Candle
image7034.jpg,Airplane
image1617.jpg,Jacket
image796.jpg,Miscellaneous
image6606.jpg,Miscellaneous
image5236.jpg,Christmas_Tree
image4895.jpg,Miscellaneous
image583.jpg,Miscellaneous
image4847.jpg,Christmas_Tree
image7754.jpg,Candle
image9757.jpg,Miscellaneous
image1018.jpg,Christmas_Tree
image9037.jpg,Jacket
image4994.jpg,Miscellaneous
image7467.jpg,Christmas_Tree
image8217.jpg,Airplane
image2540.jpg,Christmas_Tree
image8839.jpg,Miscellaneous
image5349.jpg,Snowman
image2848.jpg,Miscellaneous
image243.jpg,Snowman
image9109.jpg,Christmas_Tree
image327.jpg,Miscellaneous
image768.jpg,Candle
image6231.jpg,Miscellaneous
image1833.jpg,Miscellaneous
image9285.jpg,Jacket
image4837.jpg,Christmas_Tree
image8398.jpg,Miscellaneous
image6000.jpg,Miscellaneous
image6859.jpg,Jacket
image1993.jpg,Candle
image5829.jpg,Miscellaneous
image3407.jpg,Christmas_Tree
image4369.jpg,Miscellaneous
image1866.jpg,Miscellaneous
image3879.jpg,Miscellaneous
image4336.jpg,Christmas_Tree
image2502.jpg,Miscellaneous
image6015.jpg,Miscellaneous
image7882.jpg,Christmas_Tree
image6257.jpg,Christmas_Tree
image4382.jpg,Miscellaneous
image9377.jpg,Snowman
image1472.jpg,Miscellaneous
image333.jpg,Miscellaneous
image97.jpg,Miscellaneous
image3550.jpg,Christmas_Tree
image8908.jpg,Christmas_Tree
image7581.jpg,Miscellaneous
image7534.jpg,Candle
image6806.jpg,Miscellaneous
image1791.jpg,Christmas_Tree
image9858.jpg,Jacket
image1417.jpg,Miscellaneous
image2696.jpg,Miscellaneous
image5064.jpg,Miscellaneous
image2283.jpg,Christmas_Tree
image5027.jpg,Airplane
image8710.jpg,Christmas_Tree
image5827.jpg,Christmas_Tree
image1947.jpg,Miscellaneous
image8753.jpg,Airplane
image7564.jpg,Airplane
image1687.jpg,Jacket
image2726.jpg,Christmas_Tree
image1063.jpg,Christmas_Tree
image571.jpg,Miscellaneous
image9790.jpg,Miscellaneous
image1639.jpg,Christmas_Tree
image5374.jpg,Miscellaneous
image636.jpg,Miscellaneous
image9118.jpg,Christmas_Tree
image2957.jpg,Christmas_Tree
image3192.jpg,Candle
image4348.jpg,Christmas_Tree
image9905.jpg,Candle
image7.jpg,Miscellaneous
image6482.jpg,Christmas_Tree
image5360.jpg,Miscellaneous
image2807.jpg,Miscellaneous
image5967.jpg,Miscellaneous
image6863.jpg,Candle
image3644.jpg,Christmas_Tree
image4114.jpg,Miscellaneous
image2143.jpg,Miscellaneous
image2127.jpg,Miscellaneous
image6105.jpg,Christmas_Tree
image9900.jpg,Christmas_Tree
image929.jpg,Miscellaneous
image8652.jpg,Snowman
image2391.jpg,Miscellaneous
image9943.jpg,Jacket
image3678.jpg,Miscellaneous
image2719.jpg,Snowman
image2034.jpg,Jacket
image2201.jpg,Miscellaneous
image1637.jpg,Christmas_Tree
image4125.jpg,Candle
image2345.jpg,Christmas_Tree
image6768.jpg,Christmas_Tree
image9244.jpg,Christmas_Tree
image32.jpg,Miscellaneous
image3375.jpg,Miscellaneous
image8284.jpg,Christmas_Tree
image7568.jpg,Miscellaneous
image4887.jpg,Miscellaneous
image8725.jpg,Christmas_Tree
image6037.jpg,Candle
image7867.jpg,Christmas_Tree
image1682.jpg,Miscellaneous
image2246.jpg,Miscellaneous
image1139.jpg,Miscellaneous
image5434.jpg,Miscellaneous
image9146.jpg,Miscellaneous
image4679.jpg,Christmas_Tree
image5940.jpg,Airplane
image6747.jpg,Jacket
image1366.jpg,Miscellaneous
image6076.jpg,Miscellaneous
image5438.jpg,Candle
image3388.jpg,Miscellaneous
image4498.jpg,Christmas_Tree
image7505.jpg,Miscellaneous
image8296.jpg,Christmas_Tree
image1998.jpg,Christmas_Tree
image632.jpg,Candle
image3456.jpg,Miscellaneous
image246.jpg,Christmas_Tree
image4236.jpg,Jacket
image1351.jpg,Christmas_Tree
image9683.jpg,Christmas_Tree
image7230.jpg,Jacket
image9412.jpg,Miscellaneous
image1902.jpg,Snowman
image9344.jpg,Jacket
image129.jpg,Christmas_Tree
image8256.jpg,Miscellaneous
image8691.jpg,Miscellaneous
image8251.jpg,Jacket
image3073.jpg,Miscellaneous
image9219.jpg,Miscellaneous
image7683.jpg,Miscellaneous
image8336.jpg,Miscellaneous
image9110.jpg,Jacket
image5811.jpg,Christmas_Tree
image4408.jpg,Christmas_Tree
image7933.jpg,Miscellaneous
image7297.jpg,Christmas_Tree
image874.jpg,Miscellaneous
image568.jpg,Snowman
image1087.jpg,Jacket
image3167.jpg,Miscellaneous
image2190.jpg,Candle
image2384.jpg,Miscellaneous
image5896.jpg,Christmas_Tree
image1778.jpg,Miscellaneous
image9006.jpg,Candle
image2667.jpg,Miscellaneous
image8515.jpg,Miscellaneous
image1334.jpg,Christmas_Tree
image6839.jpg,Christmas_Tree
image4749.jpg,Miscellaneous
image2605.jpg,Miscellaneous
image5905.jpg,Miscellaneous
image8927.jpg,Miscellaneous
image4779.jpg,Christmas_Tree
image8378.jpg,Candle
image7895.jpg,Candle
image5344.jpg,Miscellaneous
image8337.jpg,Jacket
image6178.jpg,Miscellaneous
image9071.jpg,Christmas_Tree
image3217.jpg,Miscellaneous
image3226.jpg,Candle
image9603.jpg,Miscellaneous
image4174.jpg,Miscellaneous
image3539.jpg,Candle
image6763.jpg,Miscellaneous
image560.jpg,Miscellaneous
image6617.jpg,Miscellaneous
image8013.jpg,Miscellaneous
image969.jpg,Christmas_Tree
image1048.jpg,Candle
image8396.jpg,Miscellaneous
image7177.jpg,Airplane
image519.jpg,Miscellaneous
image1622.jpg,Miscellaneous
image9098.jpg,Miscellaneous
image2021.jpg,Christmas_Tree
image900.jpg,Miscellaneous
image671.jpg,Jacket
image8207.jpg,Airplane
image760.jpg,Miscellaneous
image1127.jpg,Jacket
image1042.jpg,Jacket
image2614.jpg,Miscellaneous
image8550.jpg,Miscellaneous
image6834.jpg,Miscellaneous
image8374.jpg,Jacket
image1314.jpg,Miscellaneous
image5300.jpg,Christmas_Tree
image8159.jpg,Jacket
image747.jpg,Miscellaneous
image7318.jpg,Candle
image1100.jpg,Christmas_Tree
image474.jpg,Christmas_Tree
image3506.jpg,Candle
image4560.jpg,Miscellaneous
image7768.jpg,Christmas_Tree
image2463.jpg,Miscellaneous
image7537.jpg,Miscellaneous
image9835.jpg,Miscellaneous
image959.jpg,Jacket
image1399.jpg,Miscellaneous
image6795.jpg,Christmas_Tree
image2644.jpg,Christmas_Tree
image4373.jpg,Candle
image7460.jpg,Airplane
image1264.jpg,Miscellaneous
image3238.jpg,Miscellaneous
image2770.jpg,Snowman
image6021.jpg,Miscellaneous
image3611.jpg,Miscellaneous
image8068.jpg,Miscellaneous
image8944.jpg,Christmas_Tree
image6434.jpg,Miscellaneous
image3683.jpg,Miscellaneous
image7721.jpg,Candle
image8292.jpg,Miscellaneous
image6304.jpg,Christmas_Tree
image3655.jpg,Snowman
image293.jpg,Candle
image5926.jpg,Miscellaneous
image5861.jpg,Christmas_Tree
image2830.jpg,Miscellaneous
image5901.jpg,Miscellaneous
image6066.jpg,Jacket
image8982.jpg,Jacket
image145.jpg,Candle
image749.jpg,Miscellaneous
image2282.jpg,Christmas_Tree
image1607.jpg,Candle
image5141.jpg,Miscellaneous
image8279.jpg,Christmas_Tree
image7570.jpg,Miscellaneous
image1406.jpg,Jacket
image7144.jpg,Christmas_Tree
image2087.jpg,Christmas_Tree
image2181.jpg,Jacket
image7790.jpg,Candle
image100.jpg,Airplane
image5617.jpg,Jacket
image1900.jpg,Miscellaneous
image7350.jpg,Christmas_Tree
image7078.jpg,Christmas_Tree
image4916.jpg,Miscellaneous
image3070.jpg,Candle
image941.jpg,Jacket
image2615.jpg,Jacket
image5081.jpg,Miscellaneous
image2676.jpg,Christmas_Tree
image8071.jpg,Miscellaneous
image9793.jpg,Jacket
image318.jpg,Candle
image6832.jpg,Jacket
image2491.jpg,Snowman
image7109.jpg,Miscellaneous
image7761.jpg,Miscellaneous
image7489.jpg,Jacket
image5761.jpg,Miscellaneous
image4738.jpg,Miscellaneous
image4589.jpg,Miscellaneous
image8229.jpg,Miscellaneous
image5586.jpg,Candle
image5467.jpg,Candle
image6918.jpg,Christmas_Tree
image9947.jpg,Miscellaneous
image9395.jpg,Miscellaneous
image8474.jpg,Airplane
image575.jpg,Christmas_Tree
image492.jpg,Jacket
image1522.jpg,Miscellaneous
image2312.jpg,Christmas_Tree
image3758.jpg,Christmas_Tree
image997.jpg,Miscellaneous
image7980.jpg,Miscellaneous
image3786.jpg,Candle
image8960.jpg,Christmas_Tree
image8247.jpg,Jacket
image7814.jpg,Airplane
image4680.jpg,Candle
image4558.jpg,Miscellaneous
image9901.jpg,Miscellaneous
image4794.jpg,Jacket
image4326.jpg,Miscellaneous
image685.jpg,Miscellaneous
image8288.jpg,Miscellaneous
image3523.jpg,Miscellaneous
image5810.jpg,Candle
image5086.jpg,Christmas_Tree
image8516.jpg,Miscellaneous
image2300.jpg,Christmas_Tree
image1702.jpg,Miscellaneous
image5287.jpg,Christmas_Tree
image2904.jpg,Christmas_Tree
image1316.jpg,Miscellaneous
image6907.jpg,Miscellaneous
image9218.jpg,Candle
image7639.jpg,Jacket
image526.jpg,Candle
image8854.jpg,Christmas_Tree
image2946.jpg,Miscellaneous
image2400.jpg,Christmas_Tree
image2508.jpg,Miscellaneous
image7755.jpg,Miscellaneous
image3466.jpg,Christmas_Tree
image5090.jpg,Christmas_Tree
image5045.jpg,Miscellaneous
image9030.jpg,Miscellaneous
image1555.jpg,Christmas_Tree
image7803.jpg,Miscellaneous
image9826.jpg,Miscellaneous
image2321.jpg,Miscellaneous
image3457.jpg,Christmas_Tree
image7158.jpg,Miscellaneous
image4528.jpg,Jacket
image4287.jpg,Christmas_Tree
image9258.jpg,Miscellaneous
image3744.jpg,Christmas_Tree
image720.jpg,Miscellaneous
image8618.jpg,Jacket
image8597.jpg,Miscellaneous
image7417.jpg,Jacket
image436.jpg,Miscellaneous
image4822.jpg,Christmas_Tree
image2872.jpg,Candle
image9609.jpg,Miscellaneous
image7893.jpg,Miscellaneous
image579.jpg,Snowman
image5932.jpg,Candle
image3500.jpg,Candle
image6953.jpg,Christmas_Tree
image9149.jpg,Jacket
image2548.jpg,Miscellaneous
image8884.jpg,Christmas_Tree
image8101.jpg,Jacket
image4134.jpg,Christmas_Tree
image2135.jpg,Miscellaneous
image724.jpg,Jacket
image7180.jpg,Miscellaneous
image4879.jpg,Miscellaneous
image8610.jpg,Miscellaneous
image3802.jpg,Miscellaneous
image7819.jpg,Miscellaneous
image7649.jpg,Christmas_Tree
image4257.jpg,Christmas_Tree
image9668.jpg,Miscellaneous
image4940.jpg,Christmas_Tree
image5271.jpg,Jacket
image7232.jpg,Airplane
image3470.jpg,Miscellaneous
image2476.jpg,Miscellaneous
image7815.jpg,Christmas_Tree
image1564.jpg,Jacket
image406.jpg,Miscellaneous
image2603.jpg,Miscellaneous
image4843.jpg,Christmas_Tree
image6278.jpg,Candle
image2429.jpg,Jacket
image675.jpg,Miscellaneous
image498.jpg,Snowman
image1506.jpg,Christmas_Tree
image2088.jpg,Miscellaneous
image3171.jpg,Candle
image1142.jpg,Christmas_Tree
image9741.jpg,Airplane
image241.jpg,Miscellaneous
image8967.jpg,Candle
image8847.jpg,Miscellaneous
image6661.jpg,Miscellaneous
image2919.jpg,Christmas_Tree
image7175.jpg,Airplane
image5870.jpg,Jacket
image788.jpg,Miscellaneous
image3803.jpg,Miscellaneous
image687.jpg,Miscellaneous
image357.jpg,Miscellaneous
image4022.jpg,Christmas_Tree
image5837.jpg,Jacket
image429.jpg,Miscellaneous
image8462.jpg,Candle
image7104.jpg,Christmas_Tree
image1789.jpg,Miscellaneous
image7322.jpg,Christmas_Tree
image4272.jpg,Miscellaneous
image7009.jpg,Miscellaneous
image2560.jpg,Miscellaneous
image2413.jpg,Miscellaneous
image7266.jpg,Candle
image4580.jpg,Miscellaneous
image2343.jpg,Airplane
image1492.jpg,Christmas_Tree
image6280.jpg,Miscellaneous
image3062.jpg,Miscellaneous
image3897.jpg,Christmas_Tree
image2766.jpg,Christmas_Tree
image3153.jpg,Candle
image8111.jpg,Miscellaneous
image8080.jpg,Snowman
image6170.jpg,Miscellaneous
image4448.jpg,Jacket
image1345.jpg,Airplane
image9564.jpg,Candle
image6944.jpg,Miscellaneous
image244.jpg,Candle
image8776.jpg,Miscellaneous
image6802.jpg,Miscellaneous
image1283.jpg,Miscellaneous
image5002.jpg,Miscellaneous
image9270.jpg,Christmas_Tree
image4349.jpg,Candle
image5299.jpg,Miscellaneous
image2322.jpg,Christmas_Tree
image119.jpg,Miscellaneous
image3227.jpg,Jacket
image1700.jpg,Miscellaneous
image3207.jpg,Miscellaneous
image2200.jpg,Miscellaneous
image2874.jpg,Miscellaneous
image7587.jpg,Jacket
image61.jpg,Airplane
image2929.jpg,Christmas_Tree
image9868.jpg,Candle
image8172.jpg,Christmas_Tree
image4221.jpg,Miscellaneous
image3150.jpg,Jacket
image1871.jpg,Miscellaneous
image8304.jpg,Airplane
image3097.jpg,Miscellaneous
image6632.jpg,Miscellaneous
image380.jpg,Miscellaneous
image4013.jpg,Snowman
image523.jpg,Miscellaneous
image393.jpg,Miscellaneous
image1483.jpg,Miscellaneous
image1114.jpg,Candle
image5628.jpg,Miscellaneous
image2649.jpg,Miscellaneous
image297.jpg,Miscellaneous
image3642.jpg,Miscellaneous
image7539.jpg,Miscellaneous
image5226.jpg,Miscellaneous
image4156.jpg,Miscellaneous
image2180.jpg,Miscellaneous
image2862.jpg,Miscellaneous
image3941.jpg,Candle
image6577.jpg,Miscellaneous
image4381.jpg,Miscellaneous
image2171.jpg,Jacket
image4328.jpg,Miscellaneous
image7035.jpg,Christmas_Tree
image8108.jpg,Airplane
image4416.jpg,Miscellaneous
image8339.jpg,Airplane
image5478.jpg,Candle
image7423.jpg,Miscellaneous
image7043.jpg,Miscellaneous
image7206.jpg,Miscellaneous
image6751.jpg,Candle
image6930.jpg,Airplane
image5462.jpg,Miscellaneous
image9123.jpg,Miscellaneous
image438.jpg,Miscellaneous
image3948.jpg,Miscellaneous
image8824.jpg,Miscellaneous
image3859.jpg,Miscellaneous
image6130.jpg,Christmas_Tree
image6849.jpg,Christmas_Tree
image9315.jpg,Christmas_Tree
image4426.jpg,Miscellaneous
image1943.jpg,Miscellaneous
image9239.jpg,Miscellaneous
image9078.jpg,Miscellaneous
image4555.jpg,Miscellaneous
image9569.jpg,Christmas_Tree
image9403.jpg,Miscellaneous
image3614.jpg,Christmas_Tree
image57.jpg,Christmas_Tree
image5600.jpg,Miscellaneous
image6329.jpg,Jacket
image1231.jpg,Miscellaneous
image3219.jpg,Miscellaneous
image8525.jpg,Miscellaneous
image2004.jpg,Airplane
image1193.jpg,Miscellaneous
image1429.jpg,Christmas_Tree
image5781.jpg,Christmas_Tree
image1130.jpg,Miscellaneous
image324.jpg,Miscellaneous
image4175.jpg,Miscellaneous
image6234.jpg,Miscellaneous
image6347.jpg,Miscellaneous
image9565.jpg,Miscellaneous
image2401.jpg,Miscellaneous
image2863.jpg,Miscellaneous
image8045.jpg,Miscellaneous
image1129.jpg,Christmas_Tree
image3346.jpg,Miscellaneous
image5952.jpg,Airplane
image6459.jpg,Christmas_Tree
image3748.jpg,Miscellaneous
image4825.jpg,Miscellaneous
image3089.jpg,Miscellaneous
image8027.jpg,Airplane
image7567.jpg,Miscellaneous
image3962.jpg,Miscellaneous
image3632.jpg,Christmas_Tree
image1733.jpg,Jacket
image6189.jpg,Candle
image1818.jpg,Christmas_Tree
image8015.jpg,Miscellaneous
image1058.jpg,Miscellaneous
image984.jpg,Airplane
image5442.jpg,Miscellaneous
image3243.jpg,Miscellaneous
image9408.jpg,Miscellaneous
image1473.jpg,Miscellaneous
image6182.jpg,Miscellaneous
image2843.jpg,Jacket
image581.jpg,Jacket
image5913.jpg,Airplane
image3866.jpg,Jacket
image1868.jpg,Christmas_Tree
image5108.jpg,Miscellaneous
image8137.jpg,Christmas_Tree
image9019.jpg,Miscellaneous
image9087.jpg,Miscellaneous
image8393.jpg,Miscellaneous
image2665.jpg,Miscellaneous
image5778.jpg,Miscellaneous
image9632.jpg,Christmas_Tree
image4827.jpg,Miscellaneous
image6909.jpg,Christmas_Tree
image2699.jpg,Miscellaneous
image1230.jpg,Snowman
image8883.jpg,Miscellaneous
image1257.jpg,Miscellaneous
image6924.jpg,Miscellaneous
image543.jpg,Miscellaneous
image5254.jpg,Airplane
image2656.jpg,Christmas_Tree
image8798.jpg,Miscellaneous
image5126.jpg,Candle
image7657.jpg,Miscellaneous
image995.jpg,Miscellaneous
image2645.jpg,Jacket
image8281.jpg,Miscellaneous
image8271.jpg,Jacket
image4475.jpg,Christmas_Tree
image6264.jpg,Miscellaneous
image8611.jpg,Miscellaneous
image5943.jpg,Miscellaneous
image5301.jpg,Christmas_Tree
image6913.jpg,Miscellaneous
image867.jpg,Miscellaneous
image1470.jpg,Christmas_Tree
image3722.jpg,Candle
image8185.jpg,Miscellaneous
image1557.jpg,Jacket
image1757.jpg,Candle
image9814.jpg,Miscellaneous
image1885.jpg,Miscellaneous
image1362.jpg,Miscellaneous
image2856.jpg,Miscellaneous
image3522.jpg,Miscellaneous
image5354.jpg,Miscellaneous
image8784.jpg,Miscellaneous
image9849.jpg,Miscellaneous
image3783.jpg,Christmas_Tree
image4751.jpg,Miscellaneous
image4662.jpg,Miscellaneous
image2150.jpg,Jacket
image5970.jpg,Miscellaneous
image4518.jpg,Candle
image1220.jpg,Airplane
image1355.jpg,Miscellaneous
image5339.jpg,Miscellaneous
image6080.jpg,Miscellaneous
image1558.jpg,Christmas_Tree
image8835.jpg,Miscellaneous
image43.jpg,Snowman
image8280.jpg,Miscellaneous
image6644.jpg,Miscellaneous
image1660.jpg,Miscellaneous
image180.jpg,Jacket
image6716.jpg,Christmas_Tree
image6142.jpg,Miscellaneous
image2071.jpg,Christmas_Tree
image1422.jpg,Candle
image9331.jpg,Miscellaneous
image4523.jpg,Miscellaneous
image5260.jpg,Miscellaneous
image7749.jpg,Miscellaneous
image811.jpg,Miscellaneous
image2320.jpg,Miscellaneous
image5321.jpg,Miscellaneous
image3200.jpg,Christmas_Tree
image1175.jpg,Christmas_Tree
image66.jpg,Miscellaneous
image6649.jpg,Airplane
image1662.jpg,Airplane
image702.jpg,Snowman
image4786.jpg,Candle
image4093.jpg,Airplane
image8218.jpg,Jacket
image2831.jpg,Christmas_Tree
image4858.jpg,Miscellaneous
image5541.jpg,Christmas_Tree
image1245.jpg,Candle
image4572.jpg,Candle
image304.jpg,Christmas_Tree
image2421.jpg,Christmas_Tree
image5270.jpg,Miscellaneous
image5987.jpg,Christmas_Tree
image8923.jpg,Christmas_Tree
image6738.jpg,Christmas_Tree
image1697.jpg,Miscellaneous
image1510.jpg,Miscellaneous
image4597.jpg,Miscellaneous
image9685.jpg,Snowman
image4575.jpg,Miscellaneous
image9157.jpg,Miscellaneous
image7738.jpg,Christmas_Tree
image7473.jpg,Miscellaneous
image4173.jpg,Christmas_Tree
image362.jpg,Christmas_Tree
image8401.jpg,Miscellaneous
image8829.jpg,Miscellaneous
image1763.jpg,Miscellaneous
image4668.jpg,Airplane
image8367.jpg,Candle
image3484.jpg,Christmas_Tree
image9018.jpg,Miscellaneous
image1460.jpg,Miscellaneous
image4098.jpg,Jacket
image4836.jpg,Jacket
image4903.jpg,Christmas_Tree
image214.jpg,Miscellaneous
image7265.jpg,Jacket
image4718.jpg,Christmas_Tree
image2480.jpg,Christmas_Tree
image5054.jpg,Christmas_Tree
image5634.jpg,Miscellaneous
image6725.jpg,Christmas_Tree
image3499.jpg,Christmas_Tree
image982.jpg,Miscellaneous
image2244.jpg,Christmas_Tree
image9427.jpg,Miscellaneous
image7908.jpg,Miscellaneous
image1361.jpg,Miscellaneous
image3045.jpg,Christmas_Tree
image3627.jpg,Miscellaneous
image7178.jpg,Jacket
image6387.jpg,Miscellaneous
image305.jpg,Miscellaneous
image1670.jpg,Miscellaneous
image6164.jpg,Jacket
image6350.jpg,Candle
image3586.jpg,Christmas_Tree
image206.jpg,Miscellaneous
image418.jpg,Miscellaneous
image30.jpg,Christmas_Tree
image2380.jpg,Candle
image6720.jpg,Airplane
image9292.jpg,Christmas_Tree
image9644.jpg,Miscellaneous
image2198.jpg,Miscellaneous
image7978.jpg,Candle
image5412.jpg,Christmas_Tree
image6687.jpg,Christmas_Tree
image5184.jpg,Christmas_Tree
image8107.jpg,Jacket
image5473.jpg,Christmas_Tree
image9927.jpg,Miscellaneous
image6793.jpg,Miscellaneous
image3577.jpg,Miscellaneous
image7842.jpg,Airplane
image5731.jpg,Miscellaneous
image582.jpg,Christmas_Tree
image7817.jpg,Candle
image5921.jpg,Christmas_Tree
image8782.jpg,Christmas_Tree
image5443.jpg,Jacket
image6614.jpg,Miscellaneous
image591.jpg,Miscellaneous
image4682.jpg,Miscellaneous
image3001.jpg,Miscellaneous
image5289.jpg,Miscellaneous
image9606.jpg,Miscellaneous
image105.jpg,Airplane
image7098.jpg,Miscellaneous
image4055.jpg,Miscellaneous
image213.jpg,Candle
image6474.jpg,Jacket
image6877.jpg,Miscellaneous
image7207.jpg,Christmas_Tree
image4535.jpg,Miscellaneous
image5845.jpg,Airplane
image8774.jpg,Miscellaneous
image5593.jpg,Jacket
image2482.jpg,Airplane
image8551.jpg,Miscellaneous
image7275.jpg,Candle
image6488.jpg,Jacket
image2015.jpg,Christmas_Tree
image7547.jpg,Candle
image931.jpg,Christmas_Tree
image1055.jpg,Jacket
image6641.jpg,Christmas_Tree
image6827.jpg,Miscellaneous
image1809.jpg,Airplane
image8241.jpg,Candle
image9654.jpg,Miscellaneous
image2158.jpg,Miscellaneous
image1167.jpg,Christmas_Tree
image1730.jpg,Miscellaneous
image7111.jpg,Miscellaneous
image1917.jpg,Candle
image6976.jpg,Miscellaneous
image701.jpg,Christmas_Tree
image6177.jpg,Christmas_Tree
image7917.jpg,Christmas_Tree
image3885.jpg,Christmas_Tree
image942.jpg,Jacket
image3110.jpg,Jacket
image2519.jpg,Miscellaneous
image5095.jpg,Christmas_Tree
image6937.jpg,Miscellaneous
image8289.jpg,Christmas_Tree
image3597.jpg,Miscellaneous
image2265.jpg,Jacket
image9027.jpg,Miscellaneous
image4522.jpg,Candle
image3014.jpg,Miscellaneous
image8557.jpg,Christmas_Tree
image3344.jpg,Miscellaneous
image8538.jpg,Miscellaneous
image9951.jpg,Miscellaneous
image5776.jpg,Christmas_Tree
image6300.jpg,Airplane
image4478.jpg,Miscellaneous
image6589.jpg,Christmas_Tree
image9433.jpg,Miscellaneous
image9756.jpg,Christmas_Tree
image7954.jpg,Airplane
image345.jpg,Miscellaneous
image3620.jpg,Miscellaneous
image6927.jpg,Jacket
image9637.jpg,Christmas_Tree
image2066.jpg,Miscellaneous
image4445.jpg,Miscellaneous
image8033.jpg,Candle
image2774.jpg,Christmas_Tree
image1596.jpg,Miscellaneous
image9211.jpg,Christmas_Tree
image3081.jpg,Miscellaneous
image7298.jpg,Christmas_Tree
image1430.jpg,Christmas_Tree
image9834.jpg,Jacket
image5627.jpg,Miscellaneous
image5860.jpg,Candle
image4982.jpg,Airplane
image2727.jpg,Miscellaneous
image1157.jpg,Christmas_Tree
image9832.jpg,Miscellaneous
image2479.jpg,Jacket
image5690.jpg,Christmas_Tree
image6532.jpg,Miscellaneous
image7199.jpg,Jacket
image661.jpg,Jacket
image8534.jpg,Miscellaneous
image9740.jpg,Candle
image8124.jpg,Christmas_Tree
image535.jpg,Jacket
image7284.jpg,Miscellaneous
image6402.jpg,Christmas_Tree
image4264.jpg,Miscellaneous
image3116.jpg,Miscellaneous
image975.jpg,Christmas_Tree
image8449.jpg,Jacket
image1601.jpg,Miscellaneous
image8677.jpg,Christmas_Tree
image4648.jpg,Miscellaneous
image4584.jpg,Miscellaneous
image4533.jpg,Miscellaneous
image897.jpg,Christmas_Tree
image1014.jpg,Miscellaneous
image3749.jpg,Christmas_Tree
image655.jpg,Jacket
image6232.jpg,Jacket
image1303.jpg,Christmas_Tree
image9767.jpg,Christmas_Tree
image165.jpg,Miscellaneous
image1666.jpg,Miscellaneous
image4609.jpg,Jacket
image7058.jpg,Christmas_Tree
image6319.jpg,Miscellaneous
image7459.jpg,Jacket
image2497.jpg,Miscellaneous
image3514.jpg,Miscellaneous
image6198.jpg,Miscellaneous
image9881.jpg,Christmas_Tree
image2572.jpg,Miscellaneous
image9912.jpg,Airplane
image2425.jpg,Jacket
image9696.jpg,Christmas_Tree
image8859.jpg,Miscellaneous
image6460.jpg,Miscellaneous
image1821.jpg,Candle
image4325.jpg,Miscellaneous
image3316.jpg,Miscellaneous
image3090.jpg,Christmas_Tree
image6895.jpg,Candle
image6548.jpg,Miscellaneous
image1358.jpg,Miscellaneous
image9209.jpg,Miscellaneous
image1181.jpg,Airplane
image2997.jpg,Miscellaneous
image45.jpg,Miscellaneous
image2305.jpg,Miscellaneous
image6364.jpg,Christmas_Tree
image6542.jpg,Miscellaneous
image2446.jpg,Christmas_Tree
image4465.jpg,Miscellaneous
image4548.jpg,Candle
image5562.jpg,Miscellaneous
image1200.jpg,Airplane
image2142.jpg,Miscellaneous
image8287.jpg,Jacket
image5537.jpg,Miscellaneous
image3904.jpg,Jacket
image2023.jpg,Miscellaneous
image8459.jpg,Christmas_Tree
image791.jpg,Miscellaneous
image6959.jpg,Miscellaneous
image1768.jpg,Miscellaneous
image300.jpg,Christmas_Tree
image5377.jpg,Miscellaneous
image3830.jpg,Miscellaneous
image5635.jpg,Christmas_Tree
image9516.jpg,Miscellaneous
image8307.jpg,Candle
image5799.jpg,Christmas_Tree
image3772.jpg,Christmas_Tree
image2790.jpg,Airplane
image738.jpg,Miscellaneous
image8479.jpg,Miscellaneous
image9446.jpg,Miscellaneous
image8785.jpg,Miscellaneous
image4323.jpg,Miscellaneous
image82.jpg,Miscellaneous
image8301.jpg,Miscellaneous
image5554.jpg,Miscellaneous
image4954.jpg,Candle
image1260.jpg,Miscellaneous
image3700.jpg,Miscellaneous
image3851.jpg,Miscellaneous
image8186.jpg,Miscellaneous
image60.jpg,Christmas_Tree
image7181.jpg,Jacket
image8872.jpg,Candle
image3436.jpg,Miscellaneous
image2054.jpg,Miscellaneous
image2541.jpg,Miscellaneous
image6007.jpg,Christmas_Tree
image9542.jpg,Christmas_Tree
image153.jpg,Christmas_Tree
image5849.jpg,Jacket
image9524.jpg,Jacket
image4931.jpg,Christmas_Tree
image4370.jpg,Miscellaneous
image7062.jpg,Christmas_Tree
image2960.jpg,Miscellaneous
image5511.jpg,Jacket
image9952.jpg,Miscellaneous
image4253.jpg,Miscellaneous
image844.jpg,Christmas_Tree
image9804.jpg,Candle
image255.jpg,Miscellaneous
image4288.jpg,Miscellaneous
image776.jpg,Miscellaneous
image6141.jpg,Candle
image3074.jpg,Miscellaneous
image3874.jpg,Candle
image9830.jpg,Miscellaneous
image8291.jpg,Miscellaneous
image144.jpg,Candle
image6994.jpg,Miscellaneous
image9568.jpg,Candle
image8869.jpg,Candle
image7402.jpg,Miscellaneous
image3647.jpg,Christmas_Tree
image1960.jpg,Christmas_Tree
image1462.jpg,Miscellaneous
image5343.jpg,Miscellaneous
image2298.jpg,Jacket
image176.jpg,Miscellaneous
image8815.jpg,Miscellaneous
image5471.jpg,Christmas_Tree
image8582.jpg,Jacket
image4352.jpg,Miscellaneous
image6320.jpg,Christmas_Tree
image743.jpg,Miscellaneous
image1350.jpg,Miscellaneous
image8849.jpg,Christmas_Tree
image7147.jpg,Miscellaneous
image2632.jpg,Miscellaneous
image3145.jpg,Christmas_Tree
image8225.jpg,Christmas_Tree
image9312.jpg,Miscellaneous
image4476.jpg,Miscellaneous
image284.jpg,Miscellaneous
image4185.jpg,Miscellaneous
image312.jpg,Jacket
image3925.jpg,Christmas_Tree
image5646.jpg,Miscellaneous
image4701.jpg,Miscellaneous
image686.jpg,Jacket
image7931.jpg,Candle
image3213.jpg,Candle
image5609.jpg,Jacket
image8761.jpg,Miscellaneous
image522.jpg,Miscellaneous
image6523.jpg,Candle
image6508.jpg,Christmas_Tree
image340.jpg,Miscellaneous
image6931.jpg,Candle
image2156.jpg,Miscellaneous
image6250.jpg,Miscellaneous
image218.jpg,Miscellaneous
image541.jpg,Candle
image4279.jpg,Miscellaneous
image1034.jpg,Miscellaneous
image4481.jpg,Miscellaneous
image2078.jpg,Christmas_Tree
image3911.jpg,Airplane
image1739.jpg,Airplane
image7166.jpg,Miscellaneous
image1320.jpg,Miscellaneous
image1633.jpg,Miscellaneous
image1820.jpg,Miscellaneous
image8681.jpg,Christmas_Tree
image8933.jpg,Miscellaneous
image1442.jpg,Miscellaneous
image6752.jpg,Jacket
image2003.jpg,Miscellaneous
image7688.jpg,Miscellaneous
image9203.jpg,Miscellaneous
image320.jpg,Christmas_Tree
image2348.jpg,Christmas_Tree
image3970.jpg,Miscellaneous
image9075.jpg,Christmas_Tree
image630.jpg,Miscellaneous
image4449.jpg,Miscellaneous
image1337.jpg,Miscellaneous
image9224.jpg,Miscellaneous
image302.jpg,Miscellaneous
image5664.jpg,Jacket
image6572.jpg,Christmas_Tree
image5872.jpg,Miscellaneous
image6730.jpg,Christmas_Tree
image4337.jpg,Miscellaneous
image3605.jpg,Jacket
image2483.jpg,Miscellaneous
image6291.jpg,Miscellaneous
image94.jpg,Miscellaneous
image1894.jpg,Christmas_Tree
image6838.jpg,Candle
image4596.jpg,Miscellaneous
image8231.jpg,Miscellaneous
image2674.jpg,Christmas_Tree
image1125.jpg,Miscellaneous
image7898.jpg,Christmas_Tree
image8887.jpg,Jacket
image5571.jpg,Miscellaneous
image2407.jpg,Miscellaneous
image4187.jpg,Miscellaneous
image597.jpg,Miscellaneous
image4514.jpg,Miscellaneous
image7582.jpg,Jacket
image2067.jpg,Jacket
image323.jpg,Jacket
image8012.jpg,Airplane
image1273.jpg,Miscellaneous
image6539.jpg,Christmas_Tree
image3054.jpg,Miscellaneous
image8590.jpg,Christmas_Tree
image7240.jpg,Miscellaneous
image4943.jpg,Miscellaneous
image7249.jpg,Christmas_Tree
image6004.jpg,Candle
image9788.jpg,Jacket
image8636.jpg,Miscellaneous
image7565.jpg,Miscellaneous
image2263.jpg,Miscellaneous
image262.jpg,Candle
image7395.jpg,Christmas_Tree
image5765.jpg,Miscellaneous
image4414.jpg,Miscellaneous
image8994.jpg,Miscellaneous
image4921.jpg,Jacket
image5145.jpg,Christmas_Tree
image1301.jpg,Miscellaneous
image3462.jpg,Jacket
image1576.jpg,Christmas_Tree
image647.jpg,Miscellaneous
image5592.jpg,Candle
image3132.jpg,Miscellaneous
image2905.jpg,Miscellaneous
image7924.jpg,Miscellaneous
image7126.jpg,Miscellaneous
image2896.jpg,Christmas_Tree
image6805.jpg,Miscellaneous
image1309.jpg,Miscellaneous
image8892.jpg,Miscellaneous
image7562.jpg,Snowman
image3584.jpg,Miscellaneous
image3127.jpg,Jacket
image1754.jpg,Miscellaneous
image9279.jpg,Candle
image4374.jpg,Airplane
image5427.jpg,Miscellaneous
image4618.jpg,Miscellaneous
image9735.jpg,Christmas_Tree
image8812.jpg,Candle
image9500.jpg,Miscellaneous
image1045.jpg,Miscellaneous
image9062.jpg,Candle
image3718.jpg,Jacket
image2573.jpg,Miscellaneous
image9496.jpg,Miscellaneous
image386.jpg,Candle
image3312.jpg,Jacket
image455.jpg,Airplane
image9775.jpg,Miscellaneous
image3974.jpg,Miscellaneous
image2799.jpg,Miscellaneous
image6074.jpg,Candle
image991.jpg,Christmas_Tree
image2564.jpg,Christmas_Tree
image9878.jpg,Christmas_Tree
image7855.jpg,Miscellaneous
image5106.jpg,Miscellaneous
image3546.jpg,Miscellaneous
image1226.jpg,Christmas_Tree
image425.jpg,Christmas_Tree
image6618.jpg,Christmas_Tree
image9681.jpg,Airplane
image2669.jpg,Miscellaneous
image5331.jpg,Miscellaneous
image3040.jpg,Miscellaneous
image7943.jpg,Christmas_Tree
image4586.jpg,Christmas_Tree
image2083.jpg,Jacket
image7702.jpg,Christmas_Tree
image4543.jpg,Miscellaneous
image2740.jpg,Christmas_Tree
image4278.jpg,Miscellaneous
image9168.jpg,Christmas_Tree
image4334.jpg,Miscellaneous
image2233.jpg,Miscellaneous
image9465.jpg,Candle
image3254.jpg,Christmas_Tree
image8392.jpg,Candle
image8569.jpg,Miscellaneous
image9388.jpg,Miscellaneous
image7420.jpg,Christmas_Tree
image7905.jpg,Christmas_Tree
image7737.jpg,Miscellaneous
image408.jpg,Christmas_Tree
image1147.jpg,Christmas_Tree
image2912.jpg,Christmas_Tree
image1346.jpg,Christmas_Tree
image1843.jpg,Jacket
image6926.jpg,Miscellaneous
image916.jpg,Jacket
image1850.jpg,Christmas_Tree
image4103.jpg,Christmas_Tree
image8587.jpg,Miscellaneous
image4710.jpg,Christmas_Tree
image9670.jpg,Christmas_Tree
image5363.jpg,Candle
image4641.jpg,Snowman
image2161.jpg,Christmas_Tree
image1743.jpg,Jacket
image5120.jpg,Christmas_Tree
image8058.jpg,Airplane
image3581.jpg,Miscellaneous
image4180.jpg,Christmas_Tree
image9676.jpg,Airplane
image7476.jpg,Christmas_Tree
image5456.jpg,Miscellaneous
image736.jpg,Miscellaneous
image731.jpg,Snowman
image624.jpg,Miscellaneous
image2661.jpg,Christmas_Tree
image8000.jpg,Christmas_Tree
image3574.jpg,Candle
image4357.jpg,Christmas_Tree
image8948.jpg,Miscellaneous
image3531.jpg,Miscellaneous
image5296.jpg,Airplane
image9084.jpg,Miscellaneous
image9853.jpg,Snowman
image7896.jpg,Christmas_Tree
image387.jpg,Christmas_Tree
image7621.jpg,Christmas_Tree
image694.jpg,Candle
image7105.jpg,Miscellaneous
image182.jpg,Jacket
image9540.jpg,Miscellaneous
image2842.jpg,Airplane
image3630.jpg,Miscellaneous
image4802.jpg,Miscellaneous
image2026.jpg,Miscellaneous
image12.jpg,Miscellaneous
image5273.jpg,Miscellaneous
image7414.jpg,Miscellaneous
image5346.jpg,Christmas_Tree
image9703.jpg,Miscellaneous
image3041.jpg,Miscellaneous
image3507.jpg,Snowman
image7856.jpg,Miscellaneous
image8810.jpg,Miscellaneous
image2484.jpg,Miscellaneous
image7524.jpg,Airplane
image3285.jpg,Candle
image6991.jpg,Airplane
image8276.jpg,Candle
image2682.jpg,Miscellaneous
image4799.jpg,Christmas_Tree
image7791.jpg,Airplane
image4965.jpg,Christmas_Tree
image2815.jpg,Miscellaneous
image1673.jpg,Airplane
image4839.jpg,Miscellaneous
image8095.jpg,Jacket
image5096.jpg,Jacket
image1994.jpg,Christmas_Tree
image9745.jpg,Miscellaneous
image2350.jpg,Airplane
image4866.jpg,Miscellaneous
image7117.jpg,Miscellaneous
image6392.jpg,Miscellaneous
image7427.jpg,Jacket
image2167.jpg,Miscellaneous
image5763.jpg,Christmas_Tree
image353.jpg,Jacket
image4643.jpg,Jacket
image5016.jpg,Christmas_Tree
image4268.jpg,Miscellaneous
image3613.jpg,Miscellaneous
image5486.jpg,Miscellaneous
image6613.jpg,Miscellaneous
image1085.jpg,Jacket
image4705.jpg,Miscellaneous
image9798.jpg,Miscellaneous
image7835.jpg,Miscellaneous
image2978.jpg,Candle
image7948.jpg,Miscellaneous
image9163.jpg,Miscellaneous
image5049.jpg,Miscellaneous
image8653.jpg,Christmas_Tree
image7002.jpg,Christmas_Tree
image5348.jpg,Christmas_Tree
image693.jpg,Miscellaneous
image398.jpg,Jacket
image536.jpg,Candle
image4875.jpg,Airplane
image9617.jpg,Miscellaneous
image6598.jpg,Miscellaneous
image3495.jpg,Snowman
image6240.jpg,Candle
image9124.jpg,Jacket
image2329.jpg,Miscellaneous
image2057.jpg,Christmas_Tree
image7462.jpg,Miscellaneous
image6075.jpg,Christmas_Tree
image2571.jpg,Miscellaneous
image2944.jpg,Christmas_Tree
image6841.jpg,Miscellaneous
image1459.jpg,Candle
image8417.jpg,Christmas_Tree
image7094.jpg,Christmas_Tree
image5407.jpg,Miscellaneous
image3991.jpg,Miscellaneous
image7287.jpg,Miscellaneous
image1854.jpg,Miscellaneous
image3905.jpg,Snowman
image7557.jpg,Miscellaneous
image4045.jpg,Airplane
image8940.jpg,Airplane
image8025.jpg,Miscellaneous
image9187.jpg,Miscellaneous
image3071.jpg,Christmas_Tree
image4925.jpg,Christmas_Tree
image4622.jpg,Miscellaneous
image2630.jpg,Miscellaneous
image5313.jpg,Candle
image3441.jpg,Miscellaneous
image1052.jpg,Airplane
image8117.jpg,Miscellaneous
image2056.jpg,Miscellaneous
image9861.jpg,Miscellaneous
image8850.jpg,Christmas_Tree
image6759.jpg,Jacket
image1795.jpg,Miscellaneous
image6073.jpg,Miscellaneous
image7118.jpg,Miscellaneous
image3847.jpg,Christmas_Tree
image7481.jpg,Airplane
image1560.jpg,Miscellaneous
image6288.jpg,Miscellaneous
image7843.jpg,Jacket
image1978.jpg,Christmas_Tree
image8803.jpg,Jacket
image1509.jpg,Christmas_Tree
image3430.jpg,Miscellaneous
image1148.jpg,Miscellaneous
image2950.jpg,Airplane
image1983.jpg,Miscellaneous
image9248.jpg,Jacket
image6365.jpg,Airplane
image8775.jpg,Candle
image1516.jpg,Airplane
image8905.jpg,Snowman
image8024.jpg,Christmas_Tree
image6450.jpg,Miscellaneous
image9196.jpg,Snowman
image7047.jpg,Airplane
image2681.jpg,Christmas_Tree
image7550.jpg,Miscellaneous
image4830.jpg,Miscellaneous
image6919.jpg,Miscellaneous
image2043.jpg,Christmas_Tree
image5643.jpg,Miscellaneous
image2983.jpg,Miscellaneous
image2457.jpg,Miscellaneous
image733.jpg,Jacket
image3493.jpg,Airplane
image8970.jpg,Jacket
image9243.jpg,Candle
image3813.jpg,Christmas_Tree
image2081.jpg,Miscellaneous
image254.jpg,Miscellaneous
image7654.jpg,Jacket
image9848.jpg,Jacket
image9535.jpg,Miscellaneous
image8097.jpg,Miscellaneous
image4450.jpg,Miscellaneous
image1944.jpg,Miscellaneous
image8490.jpg,Miscellaneous
image7332.jpg,Miscellaneous
image5771.jpg,Miscellaneous
image454.jpg,Candle
image6855.jpg,Christmas_Tree
image3111.jpg,Miscellaneous
image6465.jpg,Christmas_Tree
image9059.jpg,Miscellaneous
image650.jpg,Candle
image804.jpg,Miscellaneous
image298.jpg,Jacket
image7392.jpg,Christmas_Tree
image8536.jpg,Christmas_Tree
image7290.jpg,Miscellaneous
image6711.jpg,Jacket
image222.jpg,Christmas_Tree
image8440.jpg,Miscellaneous
image973.jpg,Snowman
image3100.jpg,Christmas_Tree
image8794.jpg,Jacket
image9728.jpg,Miscellaneous
image9041.jpg,Miscellaneous
image7366.jpg,Christmas_Tree
image118.jpg,Airplane
image4346.jpg,Christmas_Tree
image6964.jpg,Candle
image3996.jpg,Miscellaneous
image659.jpg,Miscellaneous
image9517.jpg,Christmas_Tree
image5024.jpg,Miscellaneous
image927.jpg,Christmas_Tree
image8023.jpg,Christmas_Tree
image6275.jpg,Jacket
image8048.jpg,Christmas_Tree
image3533.jpg,Christmas_Tree
image4400.jpg,Christmas_Tree
image4376.jpg,Miscellaneous
image2513.jpg,Miscellaneous
image276.jpg,Christmas_Tree
image8528.jpg,Christmas_Tree
image3896.jpg,Miscellaneous
image6159.jpg,Candle
image5805.jpg,Miscellaneous
image4800.jpg,Miscellaneous
image5977.jpg,Miscellaneous
image7097.jpg,Miscellaneous
image9366.jpg,Miscellaneous
image2309.jpg,Miscellaneous
image6202.jpg,Candle
image3411.jpg,Miscellaneous
image5524.jpg,Jacket
image3723.jpg,Candle
image6707.jpg,Miscellaneous
image5494.jpg,Miscellaneous
image3475.jpg,Christmas_Tree
image5711.jpg,Snowman
image2002.jpg,Jacket
image5530.jpg,Airplane
image1433.jpg,Candle
image8991.jpg,Christmas_Tree
image6785.jpg,Candle
image8770.jpg,Miscellaneous
image1815.jpg,Christmas_Tree
image37.jpg,Jacket
image1282.jpg,Candle
image6385.jpg,Candle
image1359.jpg,Miscellaneous
image3384.jpg,Christmas_Tree
image227.jpg,Christmas_Tree
image3831.jpg,Miscellaneous
image5458.jpg,Miscellaneous
image382.jpg,Miscellaneous
image15.jpg,Christmas_Tree
image7032.jpg,Miscellaneous
image6251.jpg,Christmas_Tree
image2687.jpg,Miscellaneous
image6702.jpg,Miscellaneous
image8650.jpg,Miscellaneous
image678.jpg,Candle
image4949.jpg,Miscellaneous
image127.jpg,Miscellaneous
image1953.jpg,Miscellaneous
image4626.jpg,Miscellaneous
image13.jpg,Airplane
image6962.jpg,Miscellaneous
image8238.jpg,Jacket
image8568.jpg,Miscellaneous
image4655.jpg,Miscellaneous
image7590.jpg,Miscellaneous
image3099.jpg,Miscellaneous
image4186.jpg,Miscellaneous
image4594.jpg,Jacket
image4986.jpg,Miscellaneous
image1371.jpg,Airplane
image7579.jpg,Miscellaneous
image4108.jpg,Candle
image472.jpg,Christmas_Tree
image6039.jpg,Miscellaneous
image7850.jpg,Christmas_Tree
image9083.jpg,Candle
image7209.jpg,Christmas_Tree
image6781.jpg,Miscellaneous
image228.jpg,Miscellaneous
image1019.jpg,Miscellaneous
image5572.jpg,Candle
image3883.jpg,Christmas_Tree
image4441.jpg,Miscellaneous
image4656.jpg,Jacket
image3526.jpg,Snowman
image9057.jpg,Miscellaneous
image8664.jpg,Miscellaneous
image8989.jpg,Miscellaneous
image7052.jpg,Miscellaneous
image5345.jpg,Miscellaneous
image881.jpg,Miscellaneous
image7957.jpg,Christmas_Tree
image9398.jpg,Miscellaneous
image2894.jpg,Candle
image2211.jpg,Miscellaneous
image8065.jpg,Miscellaneous
image5305.jpg,Snowman
image3038.jpg,Miscellaneous
image2945.jpg,Miscellaneous
image2076.jpg,Jacket
image3095.jpg,Miscellaneous
image6144.jpg,Miscellaneous
image2930.jpg,Airplane
image5595.jpg,Candle
image1242.jpg,Airplane
image4853.jpg,Candle
image7296.jpg,Christmas_Tree
image2186.jpg,Christmas_Tree
image8907.jpg,Airplane
image2324.jpg,Miscellaneous
image8823.jpg,Miscellaneous
image2490.jpg,Christmas_Tree
image1621.jpg,Miscellaneous
image7278.jpg,Christmas_Tree
image770.jpg,Snowman
image5606.jpg,Miscellaneous
image4736.jpg,Miscellaneous
image3756.jpg,Miscellaneous
image6437.jpg,Miscellaneous
image5516.jpg,Miscellaneous
image8050.jpg,Christmas_Tree
image8906.jpg,Airplane
image3390.jpg,Miscellaneous
image2089.jpg,Candle
image3380.jpg,Jacket
image6125.jpg,Miscellaneous
image5748.jpg,Miscellaneous
image4489.jpg,Christmas_Tree
image7216.jpg,Jacket
image8857.jpg,Airplane
image171.jpg,Airplane
image6052.jpg,Miscellaneous
image6122.jpg,Christmas_Tree
image2780.jpg,Christmas_Tree
image6537.jpg,Miscellaneous
image4359.jpg,Miscellaneous
image1201.jpg,Christmas_Tree
image2148.jpg,Jacket
image9596.jpg,Jacket
image2168.jpg,Candle
image55.jpg,Christmas_Tree
image1272.jpg,Christmas_Tree
image3933.jpg,Miscellaneous
image2716.jpg,Miscellaneous
image2195.jpg,Christmas_Tree
image5133.jpg,Miscellaneous
image5683.jpg,Candle
image7938.jpg,Miscellaneous
image3762.jpg,Candle
image5327.jpg,Miscellaneous
image7722.jpg,Miscellaneous
image8903.jpg,Christmas_Tree
image9072.jpg,Christmas_Tree
image589.jpg,Christmas_Tree
image5525.jpg,Snowman
image52.jpg,Airplane
image2358.jpg,Candle
image3342.jpg,Candle
image7294.jpg,Miscellaneous
image233.jpg,Christmas_Tree
image9015.jpg,Miscellaneous
image3357.jpg,Miscellaneous
image700.jpg,Christmas_Tree
image8458.jpg,Miscellaneous
image1161.jpg,Christmas_Tree
image4689.jpg,Airplane
image480.jpg,Miscellaneous
image5154.jpg,Christmas_Tree
image8909.jpg,Candle
image2319.jpg,Miscellaneous
image8842.jpg,Christmas_Tree
image3746.jpg,Miscellaneous
image6069.jpg,Candle
image4683.jpg,Miscellaneous
image6484.jpg,Jacket
image750.jpg,Miscellaneous
image86.jpg,Miscellaneous
image4583.jpg,Miscellaneous
image2301.jpg,Christmas_Tree
image9417.jpg,Airplane
image6791.jpg,Miscellaneous
image8236.jpg,Christmas_Tree
image8370.jpg,Miscellaneous
image5552.jpg,Miscellaneous
image4064.jpg,Christmas_Tree
image5073.jpg,Christmas_Tree
image1545.jpg,Miscellaneous
image831.jpg,Miscellaneous
image5250.jpg,Christmas_Tree
image8805.jpg,Christmas_Tree
image5599.jpg,Miscellaneous
image2175.jpg,Christmas_Tree
image6400.jpg,Candle
image7037.jpg,Christmas_Tree
image4463.jpg,Christmas_Tree
image1889.jpg,Miscellaneous
image2047.jpg,Jacket
image505.jpg,Miscellaneous
image5167.jpg,Miscellaneous
image267.jpg,Christmas_Tree
image7549.jpg,Snowman
image4411.jpg,Miscellaneous
image8702.jpg,Miscellaneous
image389.jpg,Miscellaneous
image4067.jpg,Miscellaneous
image1605.jpg,Miscellaneous
image2137.jpg,Miscellaneous
image4435.jpg,Miscellaneous
image1031.jpg,Miscellaneous
image9448.jpg,Miscellaneous
image2933.jpg,Miscellaneous
image8750.jpg,Miscellaneous
image6120.jpg,Miscellaneous
image6616.jpg,Miscellaneous
image4464.jpg,Miscellaneous
image448.jpg,Christmas_Tree
image5567.jpg,Christmas_Tree
image1251.jpg,Christmas_Tree
image1611.jpg,Miscellaneous
image5783.jpg,Christmas_Tree
image1672.jpg,Candle
image4030.jpg,Miscellaneous
image3278.jpg,Airplane
image110.jpg,Miscellaneous
image576.jpg,Christmas_Tree
image9523.jpg,Christmas_Tree
image2326.jpg,Miscellaneous
image5813.jpg,Candle
image8957.jpg,Airplane
image3137.jpg,Miscellaneous
image33.jpg,Airplane
image715.jpg,Miscellaneous
image8189.jpg,Miscellaneous
image7991.jpg,Christmas_Tree
image7529.jpg,Miscellaneous
image7378.jpg,Airplane
image4541.jpg,Miscellaneous
image6818.jpg,Christmas_Tree
image2386.jpg,Miscellaneous
image364.jpg,Airplane
image8446.jpg,Miscellaneous
image7086.jpg,Miscellaneous
image7227.jpg,Candle
image8266.jpg,Christmas_Tree
image5109.jpg,Miscellaneous
image4196.jpg,Candle
image2873.jpg,Candle
image1188.jpg,Miscellaneous
image2063.jpg,Airplane
image9483.jpg,Christmas_Tree
image712.jpg,Jacket
image6150.jpg,Miscellaneous
image3096.jpg,Miscellaneous
image893.jpg,Jacket
image5971.jpg,Christmas_Tree
image5621.jpg,Miscellaneous
image3952.jpg,Miscellaneous
image5989.jpg,Miscellaneous
image5825.jpg,Miscellaneous
image6499.jpg,Miscellaneous
image3403.jpg,Airplane
image3026.jpg,Christmas_Tree
image2888.jpg,Miscellaneous
image5304.jpg,Christmas_Tree
image5461.jpg,Jacket
image6256.jpg,Miscellaneous
image7057.jpg,Miscellaneous
image6203.jpg,Miscellaneous
image1389.jpg,Miscellaneous
image6596.jpg,Snowman
image3343.jpg,Airplane
image489.jpg,Miscellaneous
image2803.jpg,Miscellaneous
image8272.jpg,Jacket
image4318.jpg,Miscellaneous
image6624.jpg,Christmas_Tree
image6336.jpg,Miscellaneous
image5336.jpg,Christmas_Tree
image1121.jpg,Miscellaneous
image2099.jpg,Airplane
image5715.jpg,Miscellaneous
image3414.jpg,Christmas_Tree
image4564.jpg,Candle
image4193.jpg,Jacket
image9376.jpg,Miscellaneous
image3646.jpg,Jacket
image8184.jpg,Christmas_Tree
image1182.jpg,Miscellaneous
image2956.jpg,Miscellaneous
image898.jpg,Miscellaneous
image4748.jpg,Miscellaneous
image1120.jpg,Miscellaneous
image3252.jpg,Candle
image6193.jpg,Miscellaneous
image3541.jpg,Miscellaneous
image7184.jpg,Miscellaneous
image5359.jpg,Jacket
image9687.jpg,Miscellaneous
image4602.jpg,Jacket
image6647.jpg,Miscellaneous
image8420.jpg,Miscellaneous
image531.jpg,Airplane
image6199.jpg,Christmas_Tree
image216.jpg,Christmas_Tree
image3229.jpg,Miscellaneous
image2164.jpg,Snowman
image7691.jpg,Miscellaneous
image6794.jpg,Miscellaneous
image4235.jpg,Christmas_Tree
image252.jpg,Miscellaneous
image9451.jpg,Christmas_Tree
image4692.jpg,Candle
image8290.jpg,Miscellaneous
image4688.jpg,Miscellaneous
image4089.jpg,Miscellaneous
image8900.jpg,Miscellaneous
image8712.jpg,Miscellaneous
image4506.jpg,Christmas_Tree
image7096.jpg,Christmas_Tree
image7129.jpg,Miscellaneous
image6516.jpg,Miscellaneous
image8394.jpg,Airplane
image8950.jpg,Christmas_Tree
image9241.jpg,Candle
image5065.jpg,Miscellaneous
image4504.jpg,Miscellaneous
image5722.jpg,Candle
image4322.jpg,Miscellaneous
image2718.jpg,Miscellaneous
image6587.jpg,Christmas_Tree
image2685.jpg,Jacket
image613.jpg,Candle
image8723.jpg,Candle
image44.jpg,Miscellaneous
image5311.jpg,Miscellaneous
image9329.jpg,Christmas_Tree
image960.jpg,Candle
image5945.jpg,Christmas_Tree
image6985.jpg,Jacket
image1466.jpg,Jacket
image5678.jpg,Candle
image7503.jpg,Miscellaneous
image1731.jpg,Miscellaneous
image2801.jpg,Christmas_Tree
image3317.jpg,Airplane
image4872.jpg,Christmas_Tree
image3653.jpg,Miscellaneous
image3027.jpg,Airplane
image9151.jpg,Christmas_Tree
image6057.jpg,Miscellaneous
image3945.jpg,Miscellaneous
image7365.jpg,Miscellaneous
image4230.jpg,Miscellaneous
image6672.jpg,Christmas_Tree
image5927.jpg,Miscellaneous
image784.jpg,Christmas_Tree
image7389.jpg,Christmas_Tree
image8277.jpg,Snowman
image5161.jpg,Miscellaneous
image6179.jpg,Christmas_Tree
image7583.jpg,Christmas_Tree
image4820.jpg,Miscellaneous
image741.jpg,Christmas_Tree
image6475.jpg,Miscellaneous
image9718.jpg,Miscellaneous
image3807.jpg,Christmas_Tree
image8245.jpg,Christmas_Tree
image7165.jpg,Christmas_Tree
image2402.jpg,Christmas_Tree
image2675.jpg,Miscellaneous
image8578.jpg,Christmas_Tree
image5352.jpg,Miscellaneous
image2306.jpg,Candle
image7885.jpg,Christmas_Tree
image75.jpg,Jacket
image487.jpg,Christmas_Tree
image1043.jpg,Miscellaneous
image1145.jpg,Snowman
image7673.jpg,Candle
image8715.jpg,Miscellaneous
image62.jpg,Jacket
image9338.jpg,Candle
image9215.jpg,Miscellaneous
image4117.jpg,Christmas_Tree
image5596.jpg,Christmas_Tree
image2673.jpg,Christmas_Tree
image5702.jpg,Miscellaneous
image1218.jpg,Christmas_Tree
image59.jpg,Miscellaneous
image9174.jpg,Christmas_Tree
image9007.jpg,Miscellaneous
image9631.jpg,Christmas_Tree
image8122.jpg,Airplane
image8432.jpg,Snowman
image4807.jpg,Miscellaneous
image5132.jpg,Airplane
image3244.jpg,Christmas_Tree
image4740.jpg,Christmas_Tree
image8658.jpg,Miscellaneous
image3645.jpg,Miscellaneous
image6808.jpg,Christmas_Tree
image8838.jpg,Airplane
image5115.jpg,Miscellaneous
image8807.jpg,Jacket
image1035.jpg,Jacket
image8421.jpg,Christmas_Tree
image3515.jpg,Miscellaneous
image4054.jpg,Miscellaneous
image1030.jpg,Airplane
image8596.jpg,Miscellaneous
image9145.jpg,Miscellaneous
image7511.jpg,Christmas_Tree
image5291.jpg,Miscellaneous
image3899.jpg,Miscellaneous
image341.jpg,Christmas_Tree
image7368.jpg,Candle
image7113.jpg,Candle
image9470.jpg,Miscellaneous
image8215.jpg,Miscellaneous
image3564.jpg,Miscellaneous
image3930.jpg,Miscellaneous
image8674.jpg,Miscellaneous
image6415.jpg,Candle
image2486.jpg,Miscellaneous
image8142.jpg,Miscellaneous
image8520.jpg,Miscellaneous
image6354.jpg,Candle
image3971.jpg,Jacket
image6040.jpg,Miscellaneous
image7748.jpg,Miscellaneous
image5386.jpg,Miscellaneous
image5631.jpg,Miscellaneous
image7155.jpg,Miscellaneous
image7969.jpg,Jacket
image1796.jpg,Christmas_Tree
image7828.jpg,Miscellaneous
image6729.jpg,Christmas_Tree
image7153.jpg,Miscellaneous
image9049.jpg,Christmas_Tree
image7794.jpg,Miscellaneous
image211.jpg,Miscellaneous
image9201.jpg,Christmas_Tree
image4620.jpg,Snowman
image2528.jpg,Miscellaneous
image3958.jpg,Miscellaneous
image8558.jpg,Miscellaneous
image1398.jpg,Miscellaneous
image5323.jpg,Miscellaneous
image9373.jpg,Christmas_Tree
image3960.jpg,Miscellaneous
image5457.jpg,Christmas_Tree
image494.jpg,Christmas_Tree
image49.jpg,Christmas_Tree
image850.jpg,Christmas_Tree
image8125.jpg,Snowman
image5589.jpg,Miscellaneous
image7033.jpg,Jacket
image225.jpg,Jacket
image5613.jpg,Miscellaneous
image6996.jpg,Miscellaneous
image4195.jpg,Christmas_Tree
image3042.jpg,Miscellaneous
image5931.jpg,Miscellaneous
image2924.jpg,Christmas_Tree
image6622.jpg,Miscellaneous
image2362.jpg,Miscellaneous
image4391.jpg,Christmas_Tree
image8151.jpg,Christmas_Tree
image6317.jpg,Miscellaneous
image3582.jpg,Miscellaneous
image8898.jpg,Airplane
image7306.jpg,Miscellaneous
image2388.jpg,Miscellaneous
image2068.jpg,Miscellaneous
image3913.jpg,Jacket
image3852.jpg,Christmas_Tree
image9678.jpg,Snowman
image5769.jpg,Candle
image6602.jpg,Candle
image1183.jpg,Snowman
image4281.jpg,Christmas_Tree
image6980.jpg,Candle
image8120.jpg,Christmas_Tree
image9379.jpg,Miscellaneous
image5087.jpg,Miscellaneous
image9375.jpg,Candle
image8771.jpg,Miscellaneous
image5098.jpg,Miscellaneous
image5774.jpg,Miscellaneous
image5900.jpg,Miscellaneous
image3416.jpg,Miscellaneous
image142.jpg,Miscellaneous
image7589.jpg,Candle
image2317.jpg,Christmas_Tree
image4673.jpg,Airplane
image7541.jpg,Miscellaneous
image3425.jpg,Candle
image3770.jpg,Candle
image4312.jpg,Candle
image4517.jpg,Miscellaneous
image1906.jpg,Miscellaneous
image742.jpg,Christmas_Tree
image5521.jpg,Christmas_Tree
image1613.jpg,Miscellaneous
image9419.jpg,Miscellaneous
image6384.jpg,Candle
image2581.jpg,Miscellaneous
image9039.jpg,Candle
image921.jpg,Airplane
image6435.jpg,Christmas_Tree
image9046.jpg,Miscellaneous
image9386.jpg,Miscellaneous
image5653.jpg,Jacket
image527.jpg,Miscellaneous
image592.jpg,Miscellaneous
image8830.jpg,Christmas_Tree
image5245.jpg,Miscellaneous
image1965.jpg,Christmas_Tree
image520.jpg,Snowman
image2381.jpg,Miscellaneous
image6533.jpg,Jacket
image7415.jpg,Snowman
image6681.jpg,Christmas_Tree
image3697.jpg,Miscellaneous
image4076.jpg,Candle
image1365.jpg,Miscellaneous
image8130.jpg,Christmas_Tree
image3472.jpg,Candle
image9153.jpg,Miscellaneous
image7325.jpg,Miscellaneous
image4963.jpg,Miscellaneous
image1855.jpg,Miscellaneous
image9017.jpg,Christmas_Tree
image9567.jpg,Miscellaneous
image992.jpg,Jacket
image830.jpg,Christmas_Tree
image4971.jpg,Miscellaneous
image7049.jpg,Christmas_Tree
image690.jpg,Miscellaneous
image326.jpg,Christmas_Tree
image8395.jpg,Snowman
image4788.jpg,Jacket
image2396.jpg,Miscellaneous
image7723.jpg,Jacket
image1515.jpg,Candle
image8347.jpg,Miscellaneous
image3202.jpg,Miscellaneous
image9960.jpg,Candle
image5961.jpg,Miscellaneous
image7903.jpg,Jacket
image7393.jpg,Miscellaneous
image2821.jpg,Jacket
image2754.jpg,Miscellaneous
image9679.jpg,Jacket
image6871.jpg,Miscellaneous
image4405.jpg,Christmas_Tree
image6903.jpg,Jacket
image9286.jpg,Candle
image5223.jpg,Miscellaneous
image3680.jpg,Snowman
image1061.jpg,Miscellaneous
image9653.jpg,Christmas_Tree
image5891.jpg,Christmas_Tree
image349.jpg,Miscellaneous
image3743.jpg,Miscellaneous
image3233.jpg,Miscellaneous
image5390.jpg,Airplane
image7127.jpg,Christmas_Tree
image9692.jpg,Miscellaneous
image3740.jpg,Miscellaneous
image2327.jpg,Miscellaneous
image8507.jpg,Candle
image7576.jpg,Christmas_Tree
image5425.jpg,Christmas_Tree
image423.jpg,Christmas_Tree
image6829.jpg,Miscellaneous
image3968.jpg,Christmas_Tree
image2849.jpg,Jacket
image2170.jpg,Miscellaneous
image9181.jpg,Candle
image5464.jpg,Miscellaneous
image8924.jpg,Airplane
image5424.jpg,Miscellaneous
image2628.jpg,Snowman
image5267.jpg,Miscellaneous
image3422.jpg,Miscellaneous
image8183.jpg,Miscellaneous
image8134.jpg,Christmas_Tree
image3223.jpg,Miscellaneous
image8904.jpg,Miscellaneous
image1707.jpg,Miscellaneous
image2749.jpg,Jacket
image3479.jpg,Christmas_Tree
image1352.jpg,Miscellaneous
image5576.jpg,Christmas_Tree
image6798.jpg,Miscellaneous
image1693.jpg,Miscellaneous
image483.jpg,Christmas_Tree
image7926.jpg,Airplane
image5685.jpg,Christmas_Tree
image7347.jpg,Miscellaneous
image2162.jpg,Miscellaneous
image654.jpg,Christmas_Tree
image9307.jpg,Airplane
image4804.jpg,Christmas_Tree
image3534.jpg,Miscellaneous
image3259.jpg,Miscellaneous
image8949.jpg,Miscellaneous
image2452.jpg,Miscellaneous
image2215.jpg,Miscellaneous
image462.jpg,Jacket
image6464.jpg,Candle
image2061.jpg,Candle
image9054.jpg,Miscellaneous
image1935.jpg,Miscellaneous
image1529.jpg,Miscellaneous
image1457.jpg,Miscellaneous
image5786.jpg,Christmas_Tree
image2145.jpg,Snowman
image9602.jpg,Miscellaneous
image9444.jpg,Christmas_Tree
image4294.jpg,Miscellaneous
image1344.jpg,Candle
image6451.jpg,Miscellaneous
image6525.jpg,Miscellaneous
image1801.jpg,Jacket
image125.jpg,Jacket
image3341.jpg,Christmas_Tree
image7234.jpg,Airplane
image8464.jpg,Jacket
image6449.jpg,Miscellaneous
image7763.jpg,Miscellaneous
image1824.jpg,Airplane
image534.jpg,Snowman
image2907.jpg,Miscellaneous
image7922.jpg,Miscellaneous
image392.jpg,Miscellaneous
image2657.jpg,Christmas_Tree
image8888.jpg,Christmas_Tree
image444.jpg,Miscellaneous
image1062.jpg,Jacket
image2648.jpg,Candle
image3532.jpg,Miscellaneous
image4577.jpg,Miscellaneous
image4309.jpg,Jacket
image2545.jpg,Snowman
image6033.jpg,Jacket
image1505.jpg,Jacket
image5277.jpg,Christmas_Tree
image4945.jpg,Miscellaneous
image3938.jpg,Jacket
image1645.jpg,Candle
image508.jpg,Miscellaneous
image7066.jpg,Miscellaneous
image1962.jpg,Miscellaneous
image502.jpg,Miscellaneous
image3188.jpg,Miscellaneous
image4138.jpg,Miscellaneous
image137.jpg,Candle
image3881.jpg,Candle
image9012.jpg,Miscellaneous
image4952.jpg,Christmas_Tree
image8269.jpg,Christmas_Tree
image1461.jpg,Miscellaneous
image8754.jpg,Miscellaneous
image248.jpg,Miscellaneous
image1765.jpg,Miscellaneous
image3385.jpg,Christmas_Tree
image2354.jpg,Miscellaneous
image3922.jpg,Christmas_Tree
image8149.jpg,Miscellaneous
image3230.jpg,Miscellaneous
image7971.jpg,Miscellaneous
image4501.jpg,Miscellaneous
image3444.jpg,Christmas_Tree
image1265.jpg,Miscellaneous
image5801.jpg,Jacket
image8227.jpg,Miscellaneous
image5965.jpg,Miscellaneous
image289.jpg,Miscellaneous
image8943.jpg,Airplane
image5367.jpg,Jacket
image5316.jpg,Miscellaneous
image2196.jpg,Miscellaneous
image6458.jpg,Jacket
image4027.jpg,Christmas_Tree
image6728.jpg,Jacket
image8802.jpg,Miscellaneous
image9502.jpg,Christmas_Tree
image1718.jpg,Miscellaneous
image2690.jpg,Miscellaneous
image5350.jpg,Christmas_Tree
image4975.jpg,Miscellaneous
image5165.jpg,Miscellaneous
image5278.jpg,Airplane
image8616.jpg,Christmas_Tree
image2866.jpg,Miscellaneous
image6941.jpg,Christmas_Tree
image199.jpg,Miscellaneous
image5935.jpg,Christmas_Tree
image4854.jpg,Miscellaneous
image7213.jpg,Miscellaneous
image5973.jpg,Miscellaneous
image1370.jpg,Jacket
image4240.jpg,Jacket
image553.jpg,Miscellaneous
image299.jpg,Miscellaneous
image7779.jpg,Miscellaneous
image5753.jpg,Christmas_Tree
image3257.jpg,Miscellaneous
image3771.jpg,Miscellaneous
image3882.jpg,Candle
image8472.jpg,Candle
image7210.jpg,Christmas_Tree
image988.jpg,Miscellaneous
image5644.jpg,Miscellaneous
image2515.jpg,Miscellaneous
image3501.jpg,Christmas_Tree
image2273.jpg,Candle
image1550.jpg,Miscellaneous
image1385.jpg,Jacket
image4160.jpg,Miscellaneous
image1086.jpg,Miscellaneous
image7447.jpg,Miscellaneous
image5368.jpg,Miscellaneous
image837.jpg,Miscellaneous
image7291.jpg,Christmas_Tree
image2643.jpg,Miscellaneous
image3638.jpg,Miscellaneous
image5848.jpg,Miscellaneous
image1171.jpg,Candle
image2510.jpg,Miscellaneous
image3365.jpg,Jacket
image5717.jpg,Miscellaneous
image3286.jpg,Airplane
image4135.jpg,Miscellaneous
image6503.jpg,Christmas_Tree
image507.jpg,Miscellaneous
image5406.jpg,Christmas_Tree
image7253.jpg,Jacket
image6540.jpg,Miscellaneous
image7090.jpg,Airplane
image7349.jpg,Miscellaneous
image187.jpg,Christmas_Tree
image2461.jpg,Miscellaneous
image3764.jpg,Miscellaneous
image3165.jpg,Christmas_Tree
image1618.jpg,Miscellaneous
image3333.jpg,Candle
image6307.jpg,Christmas_Tree
image7615.jpg,Miscellaneous
image7204.jpg,Miscellaneous
image3302.jpg,Candle
image569.jpg,Miscellaneous
image2884.jpg,Miscellaneous
image5004.jpg,Miscellaneous
image5737.jpg,Christmas_Tree
image2966.jpg,Snowman
image6483.jpg,Miscellaneous
image2295.jpg,Miscellaneous
image2417.jpg,Jacket
image9208.jpg,Christmas_Tree
image8793.jpg,Miscellaneous
image9251.jpg,Miscellaneous
image6147.jpg,Miscellaneous
image6340.jpg,Jacket
image985.jpg,Miscellaneous
image9926.jpg,Miscellaneous
image370.jpg,Miscellaneous
image5777.jpg,Candle
image8945.jpg,Miscellaneous
image6833.jpg,Miscellaneous
image7358.jpg,Miscellaneous
image4907.jpg,Christmas_Tree
image460.jpg,Miscellaneous
image6982.jpg,Christmas_Tree
image4665.jpg,Jacket
image670.jpg,Miscellaneous
image6249.jpg,Miscellaneous
image946.jpg,Jacket
image4563.jpg,Christmas_Tree
image69.jpg,Christmas_Tree
image8100.jpg,Christmas_Tree
image9552.jpg,Airplane
image7515.jpg,Christmas_Tree
image9575.jpg,Miscellaneous
image2619.jpg,Miscellaneous
image5445.jpg,Christmas_Tree
image5215.jpg,Miscellaneous
image2225.jpg,Candle
image4716.jpg,Miscellaneous
image4619.jpg,Miscellaneous
image8709.jpg,Christmas_Tree
image9268.jpg,Airplane
image7493.jpg,Christmas_Tree
image6636.jpg,Christmas_Tree
image9064.jpg,Airplane
image3489.jpg,Miscellaneous
image2485.jpg,Christmas_Tree
image626.jpg,Snowman
image3184.jpg,Candle
image5914.jpg,Christmas_Tree
image6104.jpg,Airplane
image9673.jpg,Miscellaneous
image5723.jpg,Miscellaneous
image2646.jpg,Jacket
image6629.jpg,Christmas_Tree
image274.jpg,Miscellaneous
image4694.jpg,Airplane
image148.jpg,Christmas_Tree
image9464.jpg,Christmas_Tree
image2847.jpg,Christmas_Tree
image7628.jpg,Christmas_Tree
image7997.jpg,Jacket
image6047.jpg,Miscellaneous
image8261.jpg,Miscellaneous
image7311.jpg,Miscellaneous
image4009.jpg,Christmas_Tree
image8343.jpg,Airplane
image6235.jpg,Miscellaneous
image6697.jpg,Christmas_Tree
image5097.jpg,Miscellaneous
image4178.jpg,Miscellaneous
image3845.jpg,Christmas_Tree
image2182.jpg,Christmas_Tree
image1386.jpg,Miscellaneous
image9841.jpg,Christmas_Tree
image6405.jpg,Miscellaneous
image664.jpg,Christmas_Tree
image7441.jpg,Christmas_Tree
image6432.jpg,Christmas_Tree
image3148.jpg,Christmas_Tree
image8670.jpg,Airplane
image1289.jpg,Airplane
image6604.jpg,Miscellaneous
image215.jpg,Christmas_Tree
image5673.jpg,Miscellaneous
image9510.jpg,Jacket
image5694.jpg,Miscellaneous
image4358.jpg,Miscellaneous
image9439.jpg,Miscellaneous
image2887.jpg,Miscellaneous
image6857.jpg,Miscellaneous
image3203.jpg,Miscellaneous
image7363.jpg,Jacket
image4757.jpg,Miscellaneous
image1323.jpg,Miscellaneous
image6610.jpg,Miscellaneous
image9491.jpg,Christmas_Tree
image9489.jpg,Christmas_Tree
image5312.jpg,Candle
image329.jpg,Miscellaneous
image4075.jpg,Miscellaneous
image8363.jpg,Christmas_Tree
image9737.jpg,Miscellaneous
image714.jpg,Candle
image9490.jpg,Miscellaneous
image737.jpg,Miscellaneous
image2176.jpg,Miscellaneous
image1934.jpg,Snowman
image2230.jpg,Miscellaneous
image8743.jpg,Miscellaneous
image2621.jpg,Miscellaneous
image9038.jpg,Candle
image1869.jpg,Jacket
image8109.jpg,Miscellaneous
image580.jpg,Christmas_Tree
image8384.jpg,Miscellaneous
image8295.jpg,Miscellaneous
image8300.jpg,Miscellaneous
image979.jpg,Christmas_Tree
image1674.jpg,Christmas_Tree
image2939.jpg,Jacket
image6331.jpg,Miscellaneous
image4107.jpg,Miscellaneous
image9640.jpg,Miscellaneous
image9190.jpg,Miscellaneous
image4410.jpg,Christmas_Tree
image1254.jpg,Jacket
image6719.jpg,Miscellaneous
image8099.jpg,Miscellaneous
image9618.jpg,Miscellaneous
image2029.jpg,Snowman
image6143.jpg,Miscellaneous
image4764.jpg,Jacket
image8764.jpg,Candle
image9326.jpg,Christmas_Tree
image4332.jpg,Christmas_Tree
image7605.jpg,Christmas_Tree
image7733.jpg,Miscellaneous
image8239.jpg,Miscellaneous
image3461.jpg,Miscellaneous
image4274.jpg,Christmas_Tree
image4561.jpg,Miscellaneous
image2895.jpg,Jacket
image8258.jpg,Miscellaneous
image5306.jpg,Miscellaneous
image1073.jpg,Miscellaneous
image4814.jpg,Christmas_Tree
image2620.jpg,Candle
image2660.jpg,Christmas_Tree
image4957.jpg,Miscellaneous
image5028.jpg,Miscellaneous
image1205.jpg,Jacket
image5707.jpg,Miscellaneous
image7888.jpg,Miscellaneous
image5922.jpg,Miscellaneous
image8711.jpg,Miscellaneous
image6124.jpg,Miscellaneous
image4867.jpg,Christmas_Tree
image6054.jpg,Christmas_Tree
image8657.jpg,Airplane
image4964.jpg,Christmas_Tree
image4184.jpg,Miscellaneous
image601.jpg,Jacket
image2297.jpg,Miscellaneous
image2748.jpg,Snowman
image2192.jpg,Christmas_Tree
image7444.jpg,Airplane
image8361.jpg,Miscellaneous
image8958.jpg,Miscellaneous
image7480.jpg,Miscellaneous
image2756.jpg,Miscellaneous
image660.jpg,Christmas_Tree
image5823.jpg,Christmas_Tree
image1021.jpg,Jacket
image1160.jpg,Miscellaneous
image6452.jpg,Miscellaneous
image3129.jpg,Christmas_Tree
image2991.jpg,Miscellaneous
image3804.jpg,Miscellaneous
image8660.jpg,Miscellaneous
image2941.jpg,Candle
image9282.jpg,Miscellaneous
image7793.jpg,Christmas_Tree
image3004.jpg,Jacket
image8565.jpg,Miscellaneous
image5545.jpg,Miscellaneous
image2732.jpg,Miscellaneous
image6429.jpg,Miscellaneous
image457.jpg,Miscellaneous
image7396.jpg,Jacket
image5760.jpg,Candle
image3118.jpg,Miscellaneous
image3478.jpg,Miscellaneous
image3538.jpg,Miscellaneous
image2330.jpg,Christmas_Tree
image7286.jpg,Candle
image5026.jpg,Miscellaneous
image4038.jpg,Miscellaneous
image4713.jpg,Jacket
image7710.jpg,Candle
image9674.jpg,Miscellaneous
image9028.jpg,Jacket
image6472.jpg,Jacket
image6027.jpg,Jacket
image5677.jpg,Miscellaneous
image4456.jpg,Snowman
image2886.jpg,Miscellaneous
image1177.jpg,Airplane
image559.jpg,Snowman
image691.jpg,Christmas_Tree
image7029.jpg,Miscellaneous
image7422.jpg,Christmas_Tree
image6663.jpg,Miscellaneous
image1410.jpg,Christmas_Tree
image771.jpg,Miscellaneous
image9042.jpg,Miscellaneous
image9607.jpg,Miscellaneous
image6936.jpg,Snowman
image5440.jpg,Christmas_Tree
image3169.jpg,Candle
image8778.jpg,Miscellaneous
image7585.jpg,Miscellaneous
image4935.jpg,Candle
image2624.jpg,Miscellaneous
image1570.jpg,Jacket
image8017.jpg,Miscellaneous
image6107.jpg,Airplane
image1913.jpg,Christmas_Tree
image4929.jpg,Candle
image6555.jpg,Miscellaneous
image3833.jpg,Miscellaneous
image740.jpg,Christmas_Tree
image7873.jpg,Miscellaneous
image5953.jpg,Airplane
image9473.jpg,Candle
image2154.jpg,Jacket
image5648.jpg,Christmas_Tree
image2439.jpg,Christmas_Tree
image1822.jpg,Miscellaneous
image9519.jpg,Miscellaneous
image2984.jpg,Miscellaneous
image3660.jpg,Miscellaneous
image2500.jpg,Miscellaneous
image8781.jpg,Miscellaneous
image2392.jpg,Miscellaneous
image9082.jpg,Christmas_Tree
image8666.jpg,Miscellaneous
image217.jpg,Christmas_Tree
image8975.jpg,Christmas_Tree
image593.jpg,Christmas_Tree
image3810.jpg,Christmas_Tree
image3314.jpg,Jacket
image5153.jpg,Miscellaneous
image2928.jpg,Snowman
image8064.jpg,Candle
image7523.jpg,Candle
image2852.jpg,Miscellaneous
image5246.jpg,Jacket
image4150.jpg,Miscellaneous
image6822.jpg,Miscellaneous
image2607.jpg,Airplane
image9317.jpg,Miscellaneous
image2973.jpg,Christmas_Tree
image633.jpg,Airplane
image9708.jpg,Candle
image6050.jpg,Miscellaneous
image1788.jpg,Christmas_Tree
image1078.jpg,Candle
image9716.jpg,Miscellaneous
image4911.jpg,Miscellaneous
image3973.jpg,Miscellaneous
image1222.jpg,Miscellaneous
image7272.jpg,Candle
image2725.jpg,Candle
image2107.jpg,Airplane
image7080.jpg,Airplane
image5404.jpg,Miscellaneous
image3512.jpg,Snowman
image5704.jpg,Miscellaneous
image1703.jpg,Candle
image8390.jpg,Christmas_Tree
image269.jpg,Miscellaneous
image5640.jpg,Christmas_Tree
image3451.jpg,Miscellaneous
image3413.jpg,Miscellaneous
image9304.jpg,Candle
image285.jpg,Miscellaneous
image6810.jpg,Miscellaneous
image3301.jpg,Christmas_Tree
image3154.jpg,Airplane
image2011.jpg,Jacket
image3639.jpg,Jacket
image2869.jpg,Miscellaneous
image7598.jpg,Jacket
image1424.jpg,Jacket
image5410.jpg,Miscellaneous
image9766.jpg,Candle
image4104.jpg,Miscellaneous
image6807.jpg,Christmas_Tree
image5974.jpg,Jacket
image6026.jpg,Miscellaneous
image7566.jpg,Miscellaneous
image4898.jpg,Miscellaneous
image2810.jpg,Miscellaneous
image360.jpg,Miscellaneous
image4634.jpg,Christmas_Tree
image157.jpg,Christmas_Tree
image2647.jpg,Airplane
image1488.jpg,Christmas_Tree
image5353.jpg,Airplane
image9105.jpg,Miscellaneous
image8249.jpg,Miscellaneous
image5585.jpg,Miscellaneous
image8315.jpg,Miscellaneous
image2857.jpg,Miscellaneous
image3612.jpg,Miscellaneous
image6721.jpg,Christmas_Tree
image3908.jpg,Jacket
image9512.jpg,Airplane
image7894.jpg,Miscellaneous
image2841.jpg,Candle
image3990.jpg,Miscellaneous
image6168.jpg,Miscellaneous
image2586.jpg,Christmas_Tree
image6295.jpg,Miscellaneous
image6973.jpg,Miscellaneous
image2922.jpg,Miscellaneous
image3328.jpg,Miscellaneous
image3058.jpg,Christmas_Tree
image3757.jpg,Miscellaneous
image1126.jpg,Miscellaneous
image572.jpg,Jacket
image7479.jpg,Airplane
image9094.jpg,Miscellaneous
image64.jpg,Candle
image6966.jpg,Miscellaneous
image2080.jpg,Christmas_Tree
image4248.jpg,Miscellaneous
image1711.jpg,Christmas_Tree
image3049.jpg,Miscellaneous
image1606.jpg,Christmas_Tree
image2331.jpg,Christmas_Tree
image4223.jpg,Christmas_Tree
image8981.jpg,Miscellaneous
image5191.jpg,Miscellaneous
image8006.jpg,Miscellaneous
image3409.jpg,Miscellaneous
image8129.jpg,Miscellaneous
image8707.jpg,Airplane
image7528.jpg,Christmas_Tree
image7053.jpg,Christmas_Tree
image1709.jpg,Candle
image9941.jpg,Miscellaneous
image4941.jpg,Miscellaneous
image6247.jpg,Miscellaneous
image6746.jpg,Christmas_Tree
image2855.jpg,Christmas_Tree
image3113.jpg,Miscellaneous
image1968.jpg,Christmas_Tree
image9662.jpg,Miscellaneous
image2610.jpg,Christmas_Tree
image9956.jpg,Miscellaneous
image3313.jpg,Jacket
image4442.jpg,Miscellaneous
image7967.jpg,Miscellaneous
image7643.jpg,Miscellaneous
image818.jpg,Airplane
image1233.jpg,Airplane
image7357.jpg,Christmas_Tree
image3330.jpg,Miscellaneous
image2226.jpg,Christmas_Tree
image5632.jpg,Christmas_Tree
image1396.jpg,Miscellaneous
image5317.jpg,Airplane
image476.jpg,Miscellaneous
image9664.jpg,Miscellaneous
image11.jpg,Airplane
image8096.jpg,Miscellaneous
image5661.jpg,Miscellaneous
image4313.jpg,Miscellaneous
image3578.jpg,Jacket
image5063.jpg,Miscellaneous
image7870.jpg,Miscellaneous
image5663.jpg,Candle
image2129.jpg,Miscellaneous
image6585.jpg,Candle
image4567.jpg,Miscellaneous
image5871.jpg,Jacket
image7863.jpg,Miscellaneous
image4181.jpg,Christmas_Tree
image577.jpg,Miscellaneous
image7124.jpg,Miscellaneous
image5130.jpg,Miscellaneous
image688.jpg,Christmas_Tree
image3053.jpg,Christmas_Tree
image9851.jpg,Candle
image3932.jpg,Miscellaneous
image3025.jpg,Miscellaneous
image8306.jpg,Miscellaneous
image7403.jpg,Miscellaneous
image6110.jpg,Jacket
image864.jpg,Miscellaneous
image6682.jpg,Miscellaneous
image3565.jpg,Candle
image9522.jpg,Christmas_Tree
image3186.jpg,Jacket
image8699.jpg,Christmas_Tree
image1502.jpg,Miscellaneous
image5954.jpg,Christmas_Tree
image7653.jpg,Christmas_Tree
image6588.jpg,Miscellaneous
image7824.jpg,Candle
image4082.jpg,Candle
image1861.jpg,Miscellaneous
image5105.jpg,Miscellaneous
image8326.jpg,Jacket
image684.jpg,Candle
image2611.jpg,Miscellaneous
image5034.jpg,Miscellaneous
image682.jpg,Airplane
image3702.jpg,Miscellaneous
image6710.jpg,Christmas_Tree
image4254.jpg,Candle
image2552.jpg,Christmas_Tree
image7106.jpg,Miscellaneous
image1724.jpg,Miscellaneous
image3279.jpg,Christmas_Tree
image2817.jpg,Christmas_Tree
image871.jpg,Miscellaneous
image8600.jpg,Miscellaneous
image4765.jpg,Candle
image5110.jpg,Miscellaneous
image3961.jpg,Miscellaneous
image886.jpg,Miscellaneous
image8526.jpg,Christmas_Tree
image5710.jpg,Christmas_Tree
image6463.jpg,Jacket
image6099.jpg,Jacket
image3159.jpg,Miscellaneous
image9259.jpg,Airplane
image5758.jpg,Miscellaneous
image5040.jpg,Miscellaneous
image4719.jpg,Airplane
image1452.jpg,Christmas_Tree
image3657.jpg,Miscellaneous
image2341.jpg,Miscellaneous
image928.jpg,Airplane
image5629.jpg,Miscellaneous
image5897.jpg,Jacket
image4774.jpg,Miscellaneous
image1752.jpg,Airplane
image7329.jpg,Christmas_Tree
image8809.jpg,Miscellaneous
image6008.jpg,Christmas_Tree
image3082.jpg,Jacket
image65.jpg,Miscellaneous
image3469.jpg,Miscellaneous
image7656.jpg,Airplane
image9885.jpg,Christmas_Tree
image8268.jpg,Miscellaneous
image9949.jpg,Candle
image9216.jpg,Miscellaneous
image8628.jpg,Jacket
image2987.jpg,Candle
image8576.jpg,Miscellaneous
image335.jpg,Christmas_Tree
image9436.jpg,Miscellaneous
image4133.jpg,Christmas_Tree
image3937.jpg,Miscellaneous
image2753.jpg,Christmas_Tree
image2499.jpg,Candle
image8669.jpg,Miscellaneous
image3934.jpg,Christmas_Tree
image7405.jpg,Miscellaneous
image8132.jpg,Jacket
image2786.jpg,Miscellaneous
image8606.jpg,Christmas_Tree
image3624.jpg,Candle
image8749.jpg,Airplane
image4018.jpg,Candle
image2996.jpg,Snowman
image7708.jpg,Jacket
image8512.jpg,Miscellaneous
image3822.jpg,Miscellaneous
image8319.jpg,Airplane
image7446.jpg,Miscellaneous
image5575.jpg,Miscellaneous
image4365.jpg,Snowman
image1729.jpg,Candle
image1551.jpg,Miscellaneous
image6640.jpg,Jacket
image9499.jpg,Miscellaneous
image9859.jpg,Jacket
image5507.jpg,Miscellaneous
image4302.jpg,Miscellaneous
image5256.jpg,Christmas_Tree
image6038.jpg,Miscellaneous
image3592.jpg,Miscellaneous
image9657.jpg,Christmas_Tree
image3912.jpg,Miscellaneous
image563.jpg,Candle
image2314.jpg,Miscellaneous
image4094.jpg,Christmas_Tree
image5666.jpg,Miscellaneous
image8987.jpg,Candle
image9928.jpg,Miscellaneous
image3247.jpg,Candle
image3604.jpg,Candle
image2688.jpg,Candle
image1790.jpg,Christmas_Tree
image5391.jpg,Miscellaneous
image802.jpg,Christmas_Tree
image3788.jpg,Miscellaneous
image9125.jpg,Christmas_Tree
image6253.jpg,Christmas_Tree
image7952.jpg,Candle
image452.jpg,Christmas_Tree
image87.jpg,Christmas_Tree
image585.jpg,Candle
image6010.jpg,Candle
image5746.jpg,Miscellaneous
image918.jpg,Miscellaneous
image7442.jpg,Candle
image8952.jpg,Candle
image6669.jpg,Jacket
image9186.jpg,Christmas_Tree
image8403.jpg,Candle
image2733.jpg,Christmas_Tree
image5384.jpg,Jacket
image2113.jpg,Airplane
image6935.jpg,Miscellaneous
image2892.jpg,Miscellaneous
image1547.jpg,Christmas_Tree
image292.jpg,Miscellaneous
image1783.jpg,Christmas_Tree
image3696.jpg,Miscellaneous
image7681.jpg,Miscellaneous
image4308.jpg,Miscellaneous
image7988.jpg,Christmas_Tree
image3827.jpg,Miscellaneous
image5796.jpg,Christmas_Tree
image9347.jpg,Miscellaneous
image6283.jpg,Miscellaneous
image9115.jpg,Miscellaneous
image6758.jpg,Miscellaneous
image6481.jpg,Jacket
image7334.jpg,Jacket
image6272.jpg,Christmas_Tree
image3379.jpg,Miscellaneous
image6928.jpg,Jacket
image4421.jpg,Miscellaneous
image5482.jpg,Jacket
image6238.jpg,Airplane
image570.jpg,Christmas_Tree
image2014.jpg,Christmas_Tree
image2908.jpg,Christmas_Tree
image4686.jpg,Miscellaneous
image6987.jpg,Miscellaneous
image4966.jpg,Snowman
image854.jpg,Miscellaneous
image2020.jpg,Miscellaneous
image2229.jpg,Christmas_Tree
image9166.jpg,Snowman
image9246.jpg,Miscellaneous
image2370.jpg,Miscellaneous
image9313.jpg,Snowman
image1270.jpg,Jacket
image6732.jpg,Christmas_Tree
image1990.jpg,Miscellaneous
image5039.jpg,Snowman
image9635.jpg,Miscellaneous
image9152.jpg,Jacket
image8836.jpg,Miscellaneous
image447.jpg,Christmas_Tree
image7452.jpg,Miscellaneous
image9958.jpg,Christmas_Tree
image1916.jpg,Miscellaneous
image2720.jpg,Airplane
image4340.jpg,Miscellaneous
image3177.jpg,Miscellaneous
image1487.jpg,Miscellaneous
image8524.jpg,Snowman
image1890.jpg,Miscellaneous
image8297.jpg,Christmas_Tree
image7958.jpg,Miscellaneous
image1279.jpg,Jacket
image9210.jpg,Miscellaneous
image7715.jpg,Christmas_Tree
image9418.jpg,Airplane
image652.jpg,Christmas_Tree
image4289.jpg,Miscellaneous
image8856.jpg,Candle
image7222.jpg,Christmas_Tree
image5232.jpg,Miscellaneous
image2741.jpg,Miscellaneous
image9426.jpg,Christmas_Tree
image7056.jpg,Christmas_Tree
image2731.jpg,Candle
image6217.jpg,Christmas_Tree
image3880.jpg,Miscellaneous
image9940.jpg,Jacket
image7308.jpg,Miscellaneous
image967.jpg,Candle
image8922.jpg,Miscellaneous
image5329.jpg,Miscellaneous
image3780.jpg,Snowman
image1221.jpg,Candle
image9953.jpg,Christmas_Tree
image5118.jpg,Miscellaneous
image25.jpg,Miscellaneous
image427.jpg,Christmas_Tree
image8329.jpg,Christmas_Tree
image1951.jpg,Airplane
image2982.jpg,Jacket
image2771.jpg,Candle
image6489.jpg,Miscellaneous
image707.jpg,Airplane
image6693.jpg,Miscellaneous
image8588.jpg,Miscellaneous
image2532.jpg,Christmas_Tree
image4446.jpg,Snowman
image9554.jpg,Miscellaneous
image6787.jpg,Miscellaneous
image5283.jpg,Miscellaneous
image4756.jpg,Miscellaneous
image9051.jpg,Christmas_Tree
image4200.jpg,Candle
image8219.jpg,Miscellaneous
image8932.jpg,Christmas_Tree
image196.jpg,Miscellaneous
image5559.jpg,Miscellaneous
image9873.jpg,Christmas_Tree
image4934.jpg,Miscellaneous
image4297.jpg,Christmas_Tree
image1140.jpg,Miscellaneous
image9462.jpg,Candle
image4674.jpg,Airplane
image7807.jpg,Jacket
image8355.jpg,Christmas_Tree
image4568.jpg,Christmas_Tree
image2576.jpg,Jacket
image9611.jpg,Miscellaneous
image8675.jpg,Jacket
image5857.jpg,Miscellaneous
image1540.jpg,Christmas_Tree
image816.jpg,Airplane
image1059.jpg,Snowman
image139.jpg,Christmas_Tree
image8529.jpg,Miscellaneous
image6389.jpg,Miscellaneous
image7471.jpg,Candle
image665.jpg,Jacket
image2475.jpg,Jacket
image1714.jpg,Miscellaneous
image301.jpg,Candle
image5590.jpg,Airplane
image1841.jpg,Christmas_Tree
image2700.jpg,Christmas_Tree
image3392.jpg,Christmas_Tree
image9730.jpg,Miscellaneous
image6149.jpg,Airplane
image7687.jpg,Candle
image9939.jpg,Jacket
image3641.jpg,Jacket
image3826.jpg,Miscellaneous
image9324.jpg,Christmas_Tree
image4547.jpg,Christmas_Tree
image3856.jpg,Christmas_Tree
image4926.jpg,Candle
image3306.jpg,Miscellaneous
image7214.jpg,Miscellaneous
image5581.jpg,Miscellaneous
image860.jpg,Miscellaneous
image3079.jpg,Miscellaneous
image1368.jpg,Miscellaneous
image8694.jpg,Christmas_Tree
image9466.jpg,Miscellaneous
image9148.jpg,Christmas_Tree
image4226.jpg,Miscellaneous
image1280.jpg,Miscellaneous
image4383.jpg,Miscellaneous
image4269.jpg,Miscellaneous
image1412.jpg,Christmas_Tree
image933.jpg,Christmas_Tree
image8376.jpg,Miscellaneous
image7883.jpg,Airplane
image2712.jpg,Miscellaneous
image3693.jpg,Miscellaneous
image640.jpg,Miscellaneous
image5163.jpg,Jacket
image3015.jpg,Jacket
image8368.jpg,Miscellaneous
image1779.jpg,Jacket
image6478.jpg,Miscellaneous
image9299.jpg,Christmas_Tree
image3326.jpg,Miscellaneous
image4842.jpg,Miscellaneous
image2060.jpg,Miscellaneous
image4188.jpg,Airplane
image2289.jpg,Miscellaneous
image3329.jpg,Miscellaneous
image1886.jpg,Snowman
image9321.jpg,Christmas_Tree
image3737.jpg,Jacket
image9872.jpg,Christmas_Tree
image5560.jpg,Candle
image3695.jpg,Christmas_Tree
image7666.jpg,Miscellaneous
image6095.jpg,Miscellaneous
image1737.jpg,Miscellaneous
image3374.jpg,Miscellaneous
image8990.jpg,Christmas_Tree
image6865.jpg,Airplane
image7055.jpg,Christmas_Tree
image8299.jpg,Miscellaneous
image7915.jpg,Miscellaneous
image1484.jpg,Miscellaneous
image280.jpg,Christmas_Tree
image1811.jpg,Christmas_Tree
image8738.jpg,Jacket
image4850.jpg,Miscellaneous
image1097.jpg,Jacket
image7667.jpg,Miscellaneous
image6749.jpg,Miscellaneous
image7336.jpg,Airplane
image9547.jpg,Christmas_Tree
image8433.jpg,Christmas_Tree
image390.jpg,Jacket
image404.jpg,Candle
image3724.jpg,Miscellaneous
image108.jpg,Miscellaneous
image3009.jpg,Candle
image5520.jpg,Miscellaneous
image2796.jpg,Miscellaneous
image5668.jpg,Miscellaneous
image5802.jpg,Miscellaneous
image9867.jpg,Jacket
image7509.jpg,Miscellaneous
image4529.jpg,Miscellaneous
image3360.jpg,Christmas_Tree
image6042.jpg,Candle
image6609.jpg,Airplane
image7944.jpg,Christmas_Tree
image596.jpg,Miscellaneous
image2291.jpg,Miscellaneous
image9874.jpg,Miscellaneous
image7783.jpg,Jacket
image9140.jpg,Christmas_Tree
image4234.jpg,Miscellaneous
image6349.jpg,Miscellaneous
image7138.jpg,Miscellaneous
image3914.jpg,Candle
image3389.jpg,Christmas_Tree
image113.jpg,Airplane
image313.jpg,Candle
image8751.jpg,Airplane
image2505.jpg,Christmas_Tree
image4246.jpg,Miscellaneous
image7535.jpg,Candle
image3187.jpg,Christmas_Tree
image3525.jpg,Christmas_Tree
image5708.jpg,Miscellaneous
image6246.jpg,Christmas_Tree
image3954.jpg,Miscellaneous
image5647.jpg,Christmas_Tree
image4646.jpg,Jacket
image7170.jpg,Snowman
image1539.jpg,Christmas_Tree
image8727.jpg,Jacket
image1204.jpg,Miscellaneous
image3496.jpg,Candle
image2836.jpg,Miscellaneous
image1987.jpg,Miscellaneous
image9539.jpg,Miscellaneous
image925.jpg,Snowman
image9513.jpg,Miscellaneous
image8088.jpg,Christmas_Tree
image7084.jpg,Miscellaneous
image6014.jpg,Miscellaneous
image8235.jpg,Christmas_Tree
image789.jpg,Candle
image5828.jpg,Miscellaneous
image3077.jpg,Miscellaneous
image7706.jpg,Miscellaneous
image5726.jpg,Miscellaneous
image1879.jpg,Christmas_Tree
image6580.jpg,Miscellaneous
image5877.jpg,Christmas_Tree
image3284.jpg,Christmas_Tree
image126.jpg,Miscellaneous
image6277.jpg,Miscellaneous
image1392.jpg,Miscellaneous
image3363.jpg,Jacket
image1093.jpg,Miscellaneous
image6169.jpg,Miscellaneous
image5419.jpg,Miscellaneous
image3821.jpg,Jacket
image1498.jpg,Snowman
image9220.jpg,Miscellaneous
image5662.jpg,Miscellaneous
image4243.jpg,Miscellaneous
image7558.jpg,Miscellaneous
image2975.jpg,Christmas_Tree
image6995.jpg,Candle
image5544.jpg,Christmas_Tree
image6514.jpg,Candle
image8608.jpg,Miscellaneous
image7335.jpg,Miscellaneous
image5826.jpg,Candle
image2227.jpg,Christmas_Tree
image9217.jpg,Miscellaneous
image6797.jpg,Christmas_Tree
image4070.jpg,Snowman
image2597.jpg,Christmas_Tree
image9702.jpg,Candle
image9705.jpg,Christmas_Tree
image9659.jpg,Candle
image9526.jpg,Candle
image1277.jpg,Jacket
image4409.jpg,Miscellaneous
image1496.jpg,Jacket
image4438.jpg,Snowman
image5836.jpg,Miscellaneous
image7698.jpg,Miscellaneous
image1049.jpg,Miscellaneous
image2876.jpg,Candle
image8662.jpg,Miscellaneous
image5158.jpg,Miscellaneous
image9484.jpg,Jacket
image6491.jpg,Miscellaneous
image7711.jpg,Miscellaneous
image9434.jpg,Miscellaneous
image160.jpg,Miscellaneous
image9704.jpg,Jacket
